-- MySQL dump 10.13  Distrib 5.7.17, for Win64 (x86_64)
--
-- Host: localhost    Database: hike_spirit
-- ------------------------------------------------------
-- Server version	5.7.17

/*!40101 SET @OLD_CHARACTER_SET_CLIENT=@@CHARACTER_SET_CLIENT */;
/*!40101 SET @OLD_CHARACTER_SET_RESULTS=@@CHARACTER_SET_RESULTS */;
/*!40101 SET @OLD_COLLATION_CONNECTION=@@COLLATION_CONNECTION */;
/*!40101 SET NAMES utf8 */;
/*!40103 SET @OLD_TIME_ZONE=@@TIME_ZONE */;
/*!40103 SET TIME_ZONE='+00:00' */;
/*!40014 SET @OLD_UNIQUE_CHECKS=@@UNIQUE_CHECKS, UNIQUE_CHECKS=0 */;
/*!40014 SET @OLD_FOREIGN_KEY_CHECKS=@@FOREIGN_KEY_CHECKS, FOREIGN_KEY_CHECKS=0 */;
/*!40101 SET @OLD_SQL_MODE=@@SQL_MODE, SQL_MODE='NO_AUTO_VALUE_ON_ZERO' */;
/*!40111 SET @OLD_SQL_NOTES=@@SQL_NOTES, SQL_NOTES=0 */;

--
-- Table structure for table `carriers`
--

DROP TABLE IF EXISTS `carriers`;
/*!40101 SET @saved_cs_client     = @@character_set_client */;
/*!40101 SET character_set_client = utf8 */;
CREATE TABLE `carriers` (
  `id` int(11) NOT NULL AUTO_INCREMENT,
  `name` char(50) NOT NULL,
  `cost` decimal(20,2) DEFAULT '0.00',
  PRIMARY KEY (`id`)
) ENGINE=InnoDB AUTO_INCREMENT=7 DEFAULT CHARSET=latin1;
/*!40101 SET character_set_client = @saved_cs_client */;

--
-- Dumping data for table `carriers`
--

LOCK TABLES `carriers` WRITE;
/*!40000 ALTER TABLE `carriers` DISABLE KEYS */;
INSERT INTO `carriers` VALUES (4,'Nova poshta',20.00),(5,'Courier',10.00),(6,'Ukrposhta',15.00);
/*!40000 ALTER TABLE `carriers` ENABLE KEYS */;
UNLOCK TABLES;

--
-- Table structure for table `categories`
--

DROP TABLE IF EXISTS `categories`;
/*!40101 SET @saved_cs_client     = @@character_set_client */;
/*!40101 SET character_set_client = utf8 */;
CREATE TABLE `categories` (
  `id` int(11) NOT NULL AUTO_INCREMENT,
  `name` varchar(50) DEFAULT NULL,
  `image` char(50) DEFAULT NULL,
  PRIMARY KEY (`id`)
) ENGINE=InnoDB AUTO_INCREMENT=225 DEFAULT CHARSET=latin1;
/*!40101 SET character_set_client = @saved_cs_client */;

--
-- Dumping data for table `categories`
--

LOCK TABLES `categories` WRITE;
/*!40000 ALTER TABLE `categories` DISABLE KEYS */;
INSERT INTO `categories` VALUES (30,'walking','walking.jpg'),(31,'camping','camping.jpg'),(32,'tents','tents.jpg'),(33,'rucksacks','rucksacks.jpg'),(34,'fishing','fishing.jpg'),(35,'cycling','cycling.jpg'),(36,'climbing','climbing.jpg'),(45,'Walking Clothing','blank.jpg'),(46,'Walking Footwear','blank.jpg'),(47,'Walking Equipment','blank.jpg'),(48,'Tents.','blank.jpg'),(49,'Tent Accessories','blank.jpg'),(50,'Bags & Rucksacks','blank.jpg'),(51,'Sleeping Bags','blank.jpg'),(52,'Camping Furniture','blank.jpg'),(53,'Cooking','blank.jpg'),(54,'Camping Equipment','blank.jpg'),(55,'Predator & Spin','blank.jpg'),(56,'Fly & Game Fishing','blank.jpg'),(57,'Fishing equipment','blank.jpg'),(58,'Bikes','blank.jpg'),(59,'Bike Accessories','blank.jpg'),(60,'Cycle Clothing','blank.jpg'),(61,'Winter Climbing','blank.jpg'),(62,'Climbing Gear','blank.jpg'),(63,'Climbing Footwear','blank.jpg'),(64,'Gilets','blank.jpg'),(65,'Hoodies and Sweatshirts','blank.jpg'),(66,'Accessories','blank.jpg'),(67,'Baselayers','blank.jpg'),(68,'Coats & Jackets','blank.jpg'),(69,'Fleeces & Midlayers','blank.jpg'),(70,'Gloves & Mitts','blank.jpg'),(71,'Hats & Headwear','blank.jpg'),(72,'Shirts & T-Shirts','blank.jpg'),(73,'Trousers and Shorts','blank.jpg'),(74,'Walking Boots','blank.jpg'),(75,'Walking Shoes','blank.jpg'),(76,'Walking Socks','blank.jpg'),(77,'Treatment','blank.jpg'),(78,'Wellies','blank.jpg'),(79,'Walking Sandals','blank.jpg'),(80,'Accessories(footwear)','blank.jpg'),(81,'Books','blank.jpg'),(82,'First Aid','blank.jpg'),(83,'Gadgets','blank.jpg'),(84,'Hydration','blank.jpg'),(85,'Insects & Bugs','blank.jpg'),(86,'Keyrings','blank.jpg'),(87,'Lighting','blank.jpg'),(88,'Maps','blank.jpg'),(89,'Navigation & Electronics','blank.jpg'),(90,'Snacks & Energy','blank.jpg'),(91,'Survival','blank.jpg'),(92,'Walking Poles','blank.jpg'),(93,'Walking Ropes','blank.jpg'),(94,'Family Tents','blank.jpg'),(95,'Pop Up Tents','blank.jpg'),(96,'Backpacking Tents','blank.jpg'),(97,'Festival Tents','blank.jpg'),(98,'Weekend Tents','blank.jpg'),(99,'Touring Tents','blank.jpg'),(100,'Beach Shelters','blank.jpg'),(101,'Canopies, Porches & Extensions','blank.jpg'),(102,'Windbreaks','blank.jpg'),(103,'Gazebos','blank.jpg'),(104,'Carpets','blank.jpg'),(105,'Groundsheets and Footprints','blank.jpg'),(106,'Mallets and Peg Pullers','blank.jpg'),(107,'Trollies and Straps','blank.jpg'),(108,'Accessories(b&r)','blank.jpg'),(109,'Baby Carriers','blank.jpg'),(110,'Backpacks','blank.jpg'),(111,'Rucksacks(s)','blank.jpg'),(112,'Travel Packs','blank.jpg'),(113,'Urban and Commuter','blank.jpg'),(114,'Mummy Shape','blank.jpg'),(115,'Square Shape','blank.jpg'),(116,'Down Filling','blank.jpg'),(117,'Synthetic Filling','blank.jpg'),(118,'Sleeping Pod? Sleeping Bags','blank.jpg'),(119,'Double Sleeping Bags','blank.jpg'),(120,'Compression Sacks','blank.jpg'),(121,'Sleeping Bag Liners','blank.jpg'),(122,'Camping Tables','blank.jpg'),(123,'Camping Chairs','blank.jpg'),(124,'Camp Beds','blank.jpg'),(125,'Cupboards and Storage','blank.jpg'),(126,'Loungers','blank.jpg'),(127,'Gas Stoves','blank.jpg'),(128,'Regulators and Hoses','blank.jpg'),(129,'Barbecues','blank.jpg'),(130,'Backpacking Stoves','blank.jpg'),(131,'Cooksets and Utensils','blank.jpg'),(132,'Cooking Fuel','blank.jpg'),(133,'Lanterns & Torches','blank.jpg'),(134,'Travel Food','blank.jpg'),(135,'Water Sterilisers','blank.jpg'),(136,'Drinking Bottles','blank.jpg'),(137,'Insect Protection','blank.jpg'),(138,'Sun Cream','blank.jpg'),(139,'Cleaning Essentials','blank.jpg'),(140,'Coolboxes','blank.jpg'),(141,'Portable Heaters','blank.jpg'),(142,'Power Supplies','blank.jpg'),(143,'Portable Toilets','blank.jpg'),(144,'Outdoors Entertainment','blank.jpg'),(145,'Pets Outdoors','blank.jpg'),(146,'Roofboxes & Trailers','blank.jpg'),(147,'Spinning Rods','blank.jpg'),(148,'Reels','blank.jpg'),(149,'Bait','blank.jpg'),(150,'Lures','blank.jpg'),(151,'Wire Trace & Rigs','blank.jpg'),(152,'Rods','blank.jpg'),(153,'Fly reels','blank.jpg'),(154,'Fly Fishing Line','blank.jpg'),(155,'Flies and Lures','blank.jpg'),(156,'Fly Tying','blank.jpg'),(157,'Fishing Line','blank.jpg'),(158,'Fishing Hooks','blank.jpg'),(159,'Fishing Floats','blank.jpg'),(160,'Fishing Nets','blank.jpg'),(161,'Tackle & Bait Boxes','blank.jpg'),(162,'Road Bikes','blank.jpg'),(163,'Mountain Bikes','blank.jpg'),(164,'Hybrid Bikes & City Bikes','blank.jpg'),(165,'Folding Bikes','blank.jpg'),(166,'Sleeping Pod&Sleeping Bags','blank.jpg'),(167,'Sleeping Pod? Sleeping Bags','blank.jpg'),(168,'Women\"s Sleeping Bags','blank.jpg'),(169,'Children\"s Sleeping Bags','blank.jpg'),(170,'Kid\"s Bikes','blank.jpg'),(171,'Bike Locks','blank.jpg'),(172,'Bottles & Bottle Cages','blank.jpg'),(173,'Bike Bells','blank.jpg'),(174,'Mudguards','blank.jpg'),(175,'Cycle Computers','blank.jpg'),(176,'Mirrors','blank.jpg'),(177,'Bike Pumps','blank.jpg'),(178,'Saddle Bags','blank.jpg'),(179,'Pannier Racks & Bags','blank.jpg'),(180,'Bike Baskets','blank.jpg'),(181,'Cycling Rucksacks','blank.jpg'),(182,'Bar Bags','blank.jpg'),(183,'Bike Lights','blank.jpg'),(184,'Bike Racks & Storage','blank.jpg'),(185,'Cameras','blank.jpg'),(186,'Triathlon','blank.jpg'),(187,'Training & Nutrition','blank.jpg'),(188,'Bike Carriers and Storage','blank.jpg'),(189,'Cycle Training','blank.jpg'),(190,'Stabilisers','blank.jpg'),(191,'Cycling Jerseys','blank.jpg'),(192,'Cycling Jackets','blank.jpg'),(193,'Cycling Shorts & Tights','blank.jpg'),(194,'Cycling Shoes','blank.jpg'),(195,'Bike Helmets','blank.jpg'),(196,'Base Layers','blank.jpg'),(197,'Cycling Gloves','blank.jpg'),(198,'Hi Viz','blank.jpg'),(199,'Hats and Neckwear','blank.jpg'),(200,'Cycling Socks','blank.jpg'),(201,'Sunglasses','blank.jpg'),(202,'Trouser Clips','blank.jpg'),(203,'Windshirt','blank.jpg'),(204,'Ice Screws and Ice Pitons','blank.jpg'),(205,'Rock Pitons and Pegs','blank.jpg'),(206,'Ice Axes','blank.jpg'),(207,'Crampons','blank.jpg'),(208,'Mountaineering Boots(winter)','blank.jpg'),(209,'Snow Probes and Shovels','blank.jpg'),(210,'Hats, Gloves and Footwear','blank.jpg'),(211,'Chalk & Chalk Bags','blank.jpg'),(212,'Climbing Harnesses','blank.jpg'),(213,'Climbing Helmets','blank.jpg'),(214,'Belay Devices','blank.jpg'),(215,'Climbing Ropes','blank.jpg'),(216,'Screwgate Carabiners','blank.jpg'),(217,'Snapgate Carabiners','blank.jpg'),(218,'Quickdraws','blank.jpg'),(219,'Camming Devices','blank.jpg'),(220,'Nuts, Rocks and Hexes','blank.jpg'),(221,'Climbing Slings','blank.jpg'),(222,'Rock Shoes','blank.jpg'),(223,'Approach Shoes','blank.jpg'),(224,'Mountaineering Boots','blank.jpg');
/*!40000 ALTER TABLE `categories` ENABLE KEYS */;
UNLOCK TABLES;

--
-- Table structure for table `categoryhierarchy`
--

DROP TABLE IF EXISTS `categoryhierarchy`;
/*!40101 SET @saved_cs_client     = @@character_set_client */;
/*!40101 SET character_set_client = utf8 */;
CREATE TABLE `categoryhierarchy` (
  `categoryId` int(11) NOT NULL,
  `parentId` int(11) DEFAULT NULL,
  PRIMARY KEY (`categoryId`),
  KEY `parentId` (`parentId`),
  CONSTRAINT `categoryhierarchy_ibfk_1` FOREIGN KEY (`categoryId`) REFERENCES `categories` (`id`),
  CONSTRAINT `categoryhierarchy_ibfk_2` FOREIGN KEY (`parentId`) REFERENCES `categories` (`id`)
) ENGINE=InnoDB DEFAULT CHARSET=latin1;
/*!40101 SET character_set_client = @saved_cs_client */;

--
-- Dumping data for table `categoryhierarchy`
--

LOCK TABLES `categoryhierarchy` WRITE;
/*!40000 ALTER TABLE `categoryhierarchy` DISABLE KEYS */;
INSERT INTO `categoryhierarchy` VALUES (30,NULL),(31,NULL),(32,NULL),(33,NULL),(34,NULL),(35,NULL),(36,NULL),(45,30),(46,30),(47,30),(51,31),(52,31),(53,31),(54,31),(48,32),(49,32),(50,33),(55,34),(56,34),(57,34),(58,35),(59,35),(60,35),(61,36),(62,36),(63,36),(64,45),(65,45),(66,45),(67,45),(68,45),(69,45),(70,45),(71,45),(72,45),(73,45),(74,46),(75,46),(76,46),(77,46),(78,46),(79,46),(80,46),(81,47),(82,47),(83,47),(84,47),(85,47),(86,47),(87,47),(88,47),(89,47),(90,47),(91,47),(92,47),(93,47),(94,48),(95,48),(96,48),(97,48),(98,48),(99,48),(100,48),(101,49),(102,49),(103,49),(104,49),(105,49),(106,49),(107,49),(108,50),(109,50),(110,50),(111,50),(112,50),(113,50),(114,51),(115,51),(116,51),(117,51),(119,51),(120,51),(121,51),(166,51),(168,51),(169,51),(122,52),(123,52),(124,52),(125,52),(126,52),(127,53),(128,53),(129,53),(130,53),(131,53),(132,53),(133,54),(134,54),(135,54),(136,54),(137,54),(138,54),(139,54),(140,54),(141,54),(142,54),(143,54),(144,54),(145,54),(146,54),(147,55),(148,55),(149,55),(150,55),(151,55),(152,56),(153,56),(154,56),(155,56),(156,56),(157,57),(158,57),(159,57),(160,57),(161,57),(162,58),(163,58),(164,58),(165,58),(170,58),(171,59),(172,59),(173,59),(174,59),(175,59),(176,59),(177,59),(178,59),(179,59),(180,59),(181,59),(182,59),(183,59),(184,59),(185,59),(186,59),(187,59),(188,59),(189,59),(190,59),(191,60),(192,60),(193,60),(194,60),(195,60),(196,60),(197,60),(198,60),(199,60),(200,60),(201,60),(202,60),(203,60),(204,61),(205,61),(206,61),(207,61),(208,61),(209,61),(210,61),(211,62),(212,62),(213,62),(214,62),(215,62),(216,62),(217,62),(218,62),(219,62),(220,62),(221,62),(222,63),(223,63),(224,63);
/*!40000 ALTER TABLE `categoryhierarchy` ENABLE KEYS */;
UNLOCK TABLES;

--
-- Table structure for table `discountitems`
--

DROP TABLE IF EXISTS `discountitems`;
/*!40101 SET @saved_cs_client     = @@character_set_client */;
/*!40101 SET character_set_client = utf8 */;
CREATE TABLE `discountitems` (
  `itemId` int(11) NOT NULL,
  `startDate` date NOT NULL,
  `discount` decimal(20,2) NOT NULL DEFAULT '0.00',
  PRIMARY KEY (`itemId`,`startDate`),
  CONSTRAINT `discountitems_ibfk_1` FOREIGN KEY (`itemId`) REFERENCES `items` (`id`)
) ENGINE=InnoDB DEFAULT CHARSET=latin1;
/*!40101 SET character_set_client = @saved_cs_client */;

--
-- Dumping data for table `discountitems`
--

LOCK TABLES `discountitems` WRITE;
/*!40000 ALTER TABLE `discountitems` DISABLE KEYS */;
INSERT INTO `discountitems` VALUES (423,'2017-01-01',9.00),(427,'2017-01-01',12.00),(435,'2017-01-01',8.00),(437,'2017-01-01',5.00),(442,'2017-01-01',15.00);
/*!40000 ALTER TABLE `discountitems` ENABLE KEYS */;
UNLOCK TABLES;

--
-- Table structure for table `images`
--

DROP TABLE IF EXISTS `images`;
/*!40101 SET @saved_cs_client     = @@character_set_client */;
/*!40101 SET character_set_client = utf8 */;
CREATE TABLE `images` (
  `itemId` int(11) NOT NULL,
  `smallImage` char(100) NOT NULL,
  `mediumImage` char(100) DEFAULT '',
  `bigImage` char(100) DEFAULT '',
  PRIMARY KEY (`itemId`,`smallImage`)
) ENGINE=InnoDB DEFAULT CHARSET=latin1;
/*!40101 SET character_set_client = @saved_cs_client */;

--
-- Dumping data for table `images`
--

LOCK TABLES `images` WRITE;
/*!40000 ALTER TABLE `images` DISABLE KEYS */;
INSERT INTO `images` VALUES (344,'38728-150115160149-2120741122.jpg','38728-150115160149-2120741122.jpg','38728-150115160149-2120741122.jpg'),(344,'38729-150115160152-1036429656.jpg','38729-150115160152-1036429656.jpg','38729-150115160152-1036429656.jpg'),(344,'38731-150115160159-1036429656.jpg','38731-150115160159-1036429656.jpg','38731-150115160159-1036429656.jpg'),(344,'38735-150115160216-1036429656.jpg','38735-150115160216-1036429656.jpg','38735-150115160216-1036429656.jpg'),(344,'camping.jpg','camping.jpg','camping.jpg'),(344,'climbing.jpg','climbing.jpg','climbing.jpg'),(344,'cycling.jpg','cycling.jpg','cycling.jpg'),(344,'fishing.jpg','fishing.jpg','fishing.jpg'),(344,'rucksacks.jpg','rucksacks.jpg','rucksacks.jpg'),(344,'tents.jpg','tents.jpg','tents.jpg'),(344,'walking.jpg','walking.jpg','walking.jpg'),(345,'52282-250816122646-1036429656.jpg','52282-250816122646-1036429656.jpg','52282-250816122646-1036429656.jpg'),(346,'36124-070814091049-1036429656.jpg','36124-070814091049-1036429656.jpg','36124-070814091049-1036429656.jpg'),(346,'56302-240217094954-1036429656.jpg','56302-240217094954-1036429656.jpg','56302-240217094954-1036429656.jpg'),(423,'50190-140616143819-1700236111.jpg','50190-140616143819-1700236111.jpg','50190-140616143819-1700236111.jpg'),(423,'50191-140616143825-1700236111.jpg','50191-140616143825-1700236111.jpg','50191-140616143825-1700236111.jpg'),(423,'50738-010716114615-1700236111.jpg','50738-010716114615-1700236111.jpg','50738-010716114615-1700236111.jpg'),(424,'57073-280317120309-1700236111.jpg','57073-280317120309-1700236111.jpg','57073-280317120309-1700236111.jpg'),(424,'57075-280317120317-1700236111.jpg','57075-280317120317-1700236111.jpg','57075-280317120317-1700236111.jpg'),(424,'57608-120417104127-1700236111.jpg','57608-120417104127-1700236111.jpg','57608-120417104127-1700236111.jpg'),(425,'52865-0510161511501864066769.jpg','52865-0510161511501864066769.jpg','52865-0510161511501864066769.jpg'),(425,'53252-271016105542-1700236111.jpg','53252-271016105542-1700236111.jpg','53252-271016105542-1700236111.jpg'),(426,'52282-250816122646-1700236111.jpg','52282-250816122646-1700236111.jpg','52282-250816122646-1700236111.jpg'),(427,'51364-180716092441-1700236111.jpg','51364-180716092441-1700236111.jpg','51364-180716092441-1700236111.jpg'),(427,'51419-210716140901-1700236111.jpg','51419-210716140901-1700236111.jpg','51419-210716140901-1700236111.jpg'),(427,'51420-210716140910-1700236111.jpg','51420-210716140910-1700236111.jpg','51420-210716140910-1700236111.jpg'),(427,'51421-210716140914-1700236111.jpg','51421-210716140914-1700236111.jpg','51421-210716140914-1700236111.jpg'),(427,'51422-210716140918-1700236111.jpg','51422-210716140918-1700236111.jpg','51422-210716140918-1700236111.jpg'),(427,'51423-210716140922-1700236111.jpg','51423-210716140922-1700236111.jpg','51423-210716140922-1700236111.jpg'),(427,'51424-210716140925-1700236111.jpg','51424-210716140925-1700236111.jpg','51424-210716140925-1700236111.jpg'),(427,'51425-210716140929-1700236111.jpg','51425-210716140929-1700236111.jpg','51425-210716140929-1700236111.jpg'),(427,'51426-210716140933-1700236111.jpg','51426-210716140933-1700236111.jpg','51426-210716140933-1700236111.jpg'),(428,'54984-050117103050-1700236111.jpg','54984-050117103050-1700236111.jpg','54984-050117103050-1700236111.jpg'),(428,'54985-050117103132-1700236111.jpg','54985-050117103132-1700236111.jpg','54985-050117103132-1700236111.jpg'),(428,'54986-050117103137-1700236111.jpg','54986-050117103137-1700236111.jpg','54986-050117103137-1700236111.jpg'),(428,'54987-050117103141-1700236111.jpg','54987-050117103141-1700236111.jpg','54987-050117103141-1700236111.jpg'),(428,'54988-050117103145-1700236111.jpg','54988-050117103145-1700236111.jpg','54988-050117103145-1700236111.jpg'),(428,'54989-050117103149-1700236111.jpg','54989-050117103149-1700236111.jpg','54989-050117103149-1700236111.jpg'),(428,'54990-050117110023-1700236111.jpg','54990-050117110023-1700236111.jpg','54990-050117110023-1700236111.jpg'),(428,'54991-050117110028-1700236111.jpg','54991-050117110028-1700236111.jpg','54991-050117110028-1700236111.jpg'),(428,'54992-050117110031-1700236111.jpg','54992-050117110031-1700236111.jpg','54992-050117110031-1700236111.jpg'),(428,'54993-050117110036-1700236111.jpg','54993-050117110036-1700236111.jpg','54993-050117110036-1700236111.jpg'),(428,'54994-050117110040-1700236111.jpg','54994-050117110040-1700236111.jpg','54994-050117110040-1700236111.jpg'),(428,'54995-050117110043-1700236111.jpg','54995-050117110043-1700236111.jpg','54995-050117110043-1700236111.jpg'),(428,'54996-050117110047-1700236111.jpg','54996-050117110047-1700236111.jpg','54996-050117110047-1700236111.jpg'),(428,'54997-050117110051-1700236111.jpg','54997-050117110051-1700236111.jpg','54997-050117110051-1700236111.jpg'),(428,'54998-050117110219-1700236111.jpg','54998-050117110219-1700236111.jpg','54998-050117110219-1700236111.jpg'),(429,'57306-040417145908-1700236111.jpg','57306-040417145908-1700236111.jpg','57306-040417145908-1700236111.jpg'),(429,'57307-040417145910-1700236111.jpg','57307-040417145910-1700236111.jpg','57307-040417145910-1700236111.jpg'),(429,'57308-040417145913-1700236111.jpg','57308-040417145913-1700236111.jpg','57308-040417145913-1700236111.jpg'),(429,'57309-040417145916-1700236111.jpg','57309-040417145916-1700236111.jpg','57309-040417145916-1700236111.jpg'),(429,'57310-040417145920-1700236111.jpg','57310-040417145920-1700236111.jpg','57310-040417145920-1700236111.jpg'),(429,'57311-040417145924-1700236111.jpg','57311-040417145924-1700236111.jpg','57311-040417145924-1700236111.jpg'),(429,'57312-040417145929-1700236111.jpg','57312-040417145929-1700236111.jpg','57312-040417145929-1700236111.jpg'),(429,'57313-040417145934-1700236111.jpg','57313-040417145934-1700236111.jpg','57313-040417145934-1700236111.jpg'),(429,'57314-040417145938-1700236111.jpg','57314-040417145938-1700236111.jpg','57314-040417145938-1700236111.jpg'),(430,'52517-130916093903-1700236111.jpg','52517-130916093903-1700236111.jpg','52517-130916093903-1700236111.jpg'),(431,'57343-040417163436-1700236111.jpg','57343-040417163436-1700236111.jpg','57343-040417163436-1700236111.jpg'),(431,'57344-040417163438-1700236111.jpg','57344-040417163438-1700236111.jpg','57344-040417163438-1700236111.jpg'),(431,'57345-040417163442-1700236111 (1).jpg','57345-040417163442-1700236111 (1).jpg','57345-040417163442-1700236111 (1).jpg'),(431,'57345-040417163442-1700236111.jpg','57345-040417163442-1700236111.jpg','57345-040417163442-1700236111.jpg'),(431,'57346-040417163445-1700236111.jpg','57346-040417163445-1700236111.jpg','57346-040417163445-1700236111.jpg'),(431,'57347-040417163448-1700236111.jpg','57347-040417163448-1700236111.jpg','57347-040417163448-1700236111.jpg'),(431,'57348-040417163451-1700236111.jpg','57348-040417163451-1700236111.jpg','57348-040417163451-1700236111.jpg'),(431,'57349-040417163501-1700236111.jpg','57349-040417163501-1700236111.jpg','57349-040417163501-1700236111.jpg'),(431,'57350-040417163504-1700236111.jpg','57350-040417163504-1700236111.jpg','57350-040417163504-1700236111.jpg'),(431,'57351-040417163508-1700236111.jpg','57351-040417163508-1700236111.jpg','57351-040417163508-1700236111.jpg'),(431,'57352-040417163511-1700236111.jpg','57352-040417163511-1700236111.jpg','57352-040417163511-1700236111.jpg'),(431,'57353-040417163513-1700236111.jpg','57353-040417163513-1700236111.jpg','57353-040417163513-1700236111.jpg'),(432,'52845-051016102431-1700236111.jpg','52845-051016102431-1700236111.jpg','52845-051016102431-1700236111.jpg'),(433,'51225-120716144822-1700236111.jpg','51225-120716144822-1700236111.jpg','51225-120716144822-1700236111.jpg'),(434,'48157-170216143605-1700236111.jpg','48157-170216143605-1700236111.jpg','48157-170216143605-1700236111.jpg'),(434,'48158-170216143609-1700236111.jpg','48158-170216143609-1700236111.jpg','48158-170216143609-1700236111.jpg'),(434,'54165-281116110814-1700236111.jpg','54165-281116110814-1700236111.jpg','54165-281116110814-1700236111.jpg'),(434,'54166-281116110817-1700236111.jpg','54166-281116110817-1700236111.jpg','54166-281116110817-1700236111.jpg'),(435,'49283-280416151103-1700236111.jpg','49283-280416151103-1700236111.jpg','49283-280416151103-1700236111.jpg'),(436,'48878-040416153417-1700236111.jpg','48878-040416153417-1700236111.jpg','48878-040416153417-1700236111.jpg'),(436,'48879-040416153421-1700236111.jpg','48879-040416153421-1700236111.jpg','48879-040416153421-1700236111.jpg'),(436,'48880-040416153425-1700236111.jpg','48880-040416153425-1700236111.jpg','48880-040416153425-1700236111.jpg'),(436,'48881-040416153430-1700236111.jpg','48881-040416153430-1700236111.jpg','48881-040416153430-1700236111.jpg'),(436,'48882-040416153435-1700236111.jpg','48882-040416153435-1700236111.jpg','48882-040416153435-1700236111.jpg'),(436,'48883-040416153438-1700236111.jpg','48883-040416153438-1700236111.jpg','48883-040416153438-1700236111.jpg'),(436,'48885-040416153446-1700236111.jpg','48885-040416153446-1700236111.jpg','48885-040416153446-1700236111.jpg'),(436,'48886-040416153451-1700236111.jpg','48886-040416153451-1700236111.jpg','48886-040416153451-1700236111.jpg'),(437,'48562-110316110341-1700236111.jpg','48562-110316110341-1700236111.jpg','48562-110316110341-1700236111.jpg'),(437,'52655-200916102159-1700236111.jpg','52655-200916102159-1700236111.jpg','52655-200916102159-1700236111.jpg'),(437,'52656-200916102205-1700236111.jpg','52656-200916102205-1700236111.jpg','52656-200916102205-1700236111.jpg'),(438,'52935-111016121607-1700236111.jpg','52935-111016121607-1700236111.jpg','52935-111016121607-1700236111.jpg'),(438,'53194-241016134250-1700236111.jpg','53194-241016134250-1700236111.jpg','53194-241016134250-1700236111.jpg'),(438,'53195-241016134254-1700236111.jpg','53195-241016134254-1700236111.jpg','53195-241016134254-1700236111.jpg'),(439,'57371-040417172318-1700236111.jpg','57371-040417172318-1700236111.jpg','57371-040417172318-1700236111.jpg'),(439,'57372-040417172320-1700236111.jpg','57372-040417172320-1700236111.jpg','57372-040417172320-1700236111.jpg'),(440,'45453-091115172432-1700236111.jpg','45453-091115172432-1700236111.jpg','45453-091115172432-1700236111.jpg'),(440,'45454-091115172438-1700236111.jpg','45454-091115172438-1700236111.jpg','45454-091115172438-1700236111.jpg'),(440,'45455-091115172444-1700236111.jpg','45455-091115172444-1700236111.jpg','45455-091115172444-1700236111.jpg'),(440,'45456-091115172449-1700236111.jpg','45456-091115172449-1700236111.jpg','45456-091115172449-1700236111.jpg'),(440,'45457-091115172455-1700236111.jpg','45457-091115172455-1700236111.jpg','45457-091115172455-1700236111.jpg'),(441,'47101-120116164928-1700236111.jpg','47101-120116164928-1700236111.jpg','47101-120116164928-1700236111.jpg'),(441,'47102-120116164937-1700236111.jpg','47102-120116164937-1700236111.jpg','47102-120116164937-1700236111.jpg'),(441,'47103-120116164946-1700236111.jpg','47103-120116164946-1700236111.jpg','47103-120116164946-1700236111.jpg'),(441,'47104-120116164955-1700236111.jpg','47104-120116164955-1700236111.jpg','47104-120116164955-1700236111.jpg'),(441,'47105-120116165003-1700236111.jpg','47105-120116165003-1700236111.jpg','47105-120116165003-1700236111.jpg'),(441,'47106-120116165011-1700236111.jpg','47106-120116165011-1700236111.jpg','47106-120116165011-1700236111.jpg'),(441,'47107-120116165026-1700236111.jpg','47107-120116165026-1700236111.jpg','47107-120116165026-1700236111.jpg'),(441,'47108-120116165034-1700236111.jpg','47108-120116165034-1700236111.jpg','47108-120116165034-1700236111.jpg'),(442,'47393-200116110621-1700236111.jpg','47393-200116110621-1700236111.jpg','47393-200116110621-1700236111.jpg'),(442,'47394-200116110628-1700236111.jpg','47394-200116110628-1700236111.jpg','47394-200116110628-1700236111.jpg'),(442,'48146-160216121425-1700236111.jpg','48146-160216121425-1700236111.jpg','48146-160216121425-1700236111.jpg'),(442,'48272-220216112753-1700236111.jpg','48272-220216112753-1700236111.jpg','48272-220216112753-1700236111.jpg'),(442,'50155-130616164515-1700236111.jpg','50155-130616164515-1700236111.jpg','50155-130616164515-1700236111.jpg'),(442,'50156-130616164520-1700236111.jpg','50156-130616164520-1700236111.jpg','50156-130616164520-1700236111.jpg'),(442,'50157-130616164524-1700236111.jpg','50157-130616164524-1700236111.jpg','50157-130616164524-1700236111.jpg'),(442,'50158-130616164530-1700236111.jpg','50158-130616164530-1700236111.jpg','50158-130616164530-1700236111.jpg'),(442,'50159-130616164805-1700236111.jpg','50159-130616164805-1700236111.jpg','50159-130616164805-1700236111.jpg'),(443,'53056-131016113122-1700236111.jpg','53056-131016113122-1700236111.jpg','53056-131016113122-1700236111.jpg'),(443,'53057-131016113125-1700236111.jpg','53057-131016113125-1700236111.jpg','53057-131016113125-1700236111.jpg'),(444,'45026-271015160621-1700236111.jpg','45026-271015160621-1700236111.jpg','45026-271015160621-1700236111.jpg'),(444,'45027-271015160626-1700236111.jpg','45027-271015160626-1700236111.jpg','45027-271015160626-1700236111.jpg'),(444,'45028-271015160632-1700236111.jpg','45028-271015160632-1700236111.jpg','45028-271015160632-1700236111.jpg'),(444,'45029-271015160637-1700236111.jpg','45029-271015160637-1700236111.jpg','45029-271015160637-1700236111.jpg'),(444,'45030-271015160642-1700236111.jpg','45030-271015160642-1700236111.jpg','45030-271015160642-1700236111.jpg'),(444,'45031-271015160705-1700236111.jpg','45031-271015160705-1700236111.jpg','45031-271015160705-1700236111.jpg'),(444,'45032-271015160711-1700236111.jpg','45032-271015160711-1700236111.jpg','45032-271015160711-1700236111.jpg'),(444,'45033-271015160718-1700236111.jpg','45033-271015160718-1700236111.jpg','45033-271015160718-1700236111.jpg'),(444,'45034-271015160723-1700236111.jpg','45034-271015160723-1700236111.jpg','45034-271015160723-1700236111.jpg'),(444,'45035-271015160729-1700236111.jpg','45035-271015160729-1700236111.jpg','45035-271015160729-1700236111.jpg'),(444,'45036-271015160734-1700236111.jpg','45036-271015160734-1700236111.jpg','45036-271015160734-1700236111.jpg'),(444,'50165-130616171124-1700236111.jpg','50165-130616171124-1700236111.jpg','50165-130616171124-1700236111.jpg'),(445,'49559-160516144527-1700236111.jpg','49559-160516144527-1700236111.jpg','49559-160516144527-1700236111.jpg'),(446,'55876-060217154807-1700236111.jpg','55876-060217154807-1700236111.jpg','55876-060217154807-1700236111.jpg'),(446,'55877-060217154812-1700236111.jpg','55877-060217154812-1700236111.jpg','55877-060217154812-1700236111.jpg'),(446,'55878-060217154819-1700236111.jpg','55878-060217154819-1700236111.jpg','55878-060217154819-1700236111.jpg'),(446,'55879-060217154826-1700236111.jpg','55879-060217154826-1700236111.jpg','55879-060217154826-1700236111.jpg'),(447,'52032-160816104152-1700236111.jpg','52032-160816104152-1700236111.jpg','52032-160816104152-1700236111.jpg'),(448,'37775-111114144706-1700236111.jpg','37775-111114144706-1700236111.jpg','37775-111114144706-1700236111.jpg'),(449,'49721-200516122029-1700236111.jpg','49721-200516122029-1700236111.jpg','49721-200516122029-1700236111.jpg'),(450,'54886-040117113710-1700236111.jpg','54886-040117113710-1700236111.jpg','54886-040117113710-1700236111.jpg'),(450,'54887-040117113715-1700236111.jpg','54887-040117113715-1700236111.jpg','54887-040117113715-1700236111.jpg'),(450,'54888-040117113718-1700236111.jpg','54888-040117113718-1700236111.jpg','54888-040117113718-1700236111.jpg'),(450,'54889-040117113722-1700236111.jpg','54889-040117113722-1700236111.jpg','54889-040117113722-1700236111.jpg'),(451,'49326-030516173052-1700236111.jpg','49326-030516173052-1700236111.jpg','49326-030516173052-1700236111.jpg'),(451,'49327-030516173057-1700236111.jpg','49327-030516173057-1700236111.jpg','49327-030516173057-1700236111.jpg'),(451,'49328-030516173102-1700236111.jpg','49328-030516173102-1700236111.jpg','49328-030516173102-1700236111.jpg'),(452,'57646-130417123029-1700236111.jpg','57646-130417123029-1700236111.jpg','57646-130417123029-1700236111.jpg'),(452,'57647-130417123033-1700236111.jpg','57647-130417123033-1700236111.jpg','57647-130417123033-1700236111.jpg'),(452,'57648-130417123036-1700236111.jpg','57648-130417123036-1700236111.jpg','57648-130417123036-1700236111.jpg'),(453,'31568-210114165058-1700236111.jpg','31568-210114165058-1700236111.jpg','31568-210114165058-1700236111.jpg'),(453,'31569-210114165101-1700236111.jpg','31569-210114165101-1700236111.jpg','31569-210114165101-1700236111.jpg'),(453,'31571-220114134532-1700236111.jpg','31571-220114134532-1700236111.jpg','31571-220114134532-1700236111.jpg'),(453,'39455-130215151521-1700236111.jpg','39455-130215151521-1700236111.jpg','39455-130215151521-1700236111.jpg'),(453,'39456-130215151530-1700236111.jpg','39456-130215151530-1700236111.jpg','39456-130215151530-1700236111.jpg'),(453,'42387-100615161919-1700236111.jpg','42387-100615161919-1700236111.jpg','42387-100615161919-1700236111.jpg'),(453,'42388-100615161924-1700236111.jpg','42388-100615161924-1700236111.jpg','42388-100615161924-1700236111.jpg'),(453,'42389-100615161929-1700236111.jpg','42389-100615161929-1700236111.jpg','42389-100615161929-1700236111.jpg'),(453,'42390-100615161933-1700236111.jpg','42390-100615161933-1700236111.jpg','42390-100615161933-1700236111.jpg'),(454,'31573-220114144018-1700236111.jpg','31573-220114144018-1700236111.jpg','31573-220114144018-1700236111.jpg'),(454,'31574-220114144021-1700236111.jpg','31574-220114144021-1700236111.jpg','31574-220114144021-1700236111.jpg'),(454,'31575-220114144024-1700236111.jpg','31575-220114144024-1700236111.jpg','31575-220114144024-1700236111.jpg'),(454,'31576-220114144029-1700236111.jpg','31576-220114144029-1700236111.jpg','31576-220114144029-1700236111.jpg'),(454,'42391-110615091404-1700236111.jpg','42391-110615091404-1700236111.jpg','42391-110615091404-1700236111.jpg'),(454,'42392-110615091408-1700236111.jpg','42392-110615091408-1700236111.jpg','42392-110615091408-1700236111.jpg'),(454,'42393-110615091412-1700236111.jpg','42393-110615091412-1700236111.jpg','42393-110615091412-1700236111.jpg'),(454,'42394-110615091415-1700236111.jpg','42394-110615091415-1700236111.jpg','42394-110615091415-1700236111.jpg'),(454,'42395-110615091419-1700236111.jpg','42395-110615091419-1700236111.jpg','42395-110615091419-1700236111.jpg'),(454,'42396-110615091423-1700236111.jpg','42396-110615091423-1700236111.jpg','42396-110615091423-1700236111.jpg'),(454,'42397-110615091427-1700236111.jpg','42397-110615091427-1700236111.jpg','42397-110615091427-1700236111.jpg'),(455,'31375-100114165143-1700236111.jpg','31375-100114165143-1700236111.jpg','31375-100114165143-1700236111.jpg'),(455,'31389-130114152238-1700236111.jpg','31389-130114152238-1700236111.jpg','31389-130114152238-1700236111.jpg'),(494,'36945-0110141638221864066769.jpg','36945-0110141638221864066769.jpg','36945-0110141638221864066769.jpg'),(495,'34345-220414135606-1700236111.jpg','34345-220414135606-1700236111.jpg','34345-220414135606-1700236111.jpg'),(496,'27262-250313161044-1700236111.jpg','27262-250313161044-1700236111.jpg','27262-250313161044-1700236111.jpg'),(497,'52562-150916135716-1700236111 (1).jpg','52562-150916135716-1700236111 (1).jpg','52562-150916135716-1700236111 (1).jpg'),(497,'52562-150916135716-1700236111.jpg','52562-150916135716-1700236111.jpg','52562-150916135716-1700236111.jpg'),(497,'52564-150916135732-1700236111.jpg','52564-150916135732-1700236111.jpg','52564-150916135732-1700236111.jpg'),(497,'52565-150916135739-1700236111.jpg','52565-150916135739-1700236111.jpg','52565-150916135739-1700236111.jpg'),(498,'41829-010615145006-1700236111.jpg','41829-010615145006-1700236111.jpg','41829-010615145006-1700236111.jpg'),(499,'54193-291116111212-1700236111.jpg','54193-291116111212-1700236111.jpg','54193-291116111212-1700236111.jpg'),(500,'18516-251011134316-1700236111.jpg','18516-251011134316-1700236111.jpg','18516-251011134316-1700236111.jpg'),(501,'31214-231213155726-1700236111.jpg','31214-231213155726-1700236111.jpg','31214-231213155726-1700236111.jpg'),(502,'24054-011012114817-1700236111.jpg','24054-011012114817-1700236111.jpg','24054-011012114817-1700236111.jpg'),(503,'10540-180610111626-1700236111.jpg','10540-180610111626-1700236111.jpg','10540-180610111626-1700236111.jpg'),(504,'22361-160712120336-1700236111.jpg','22361-160712120336-1700236111.jpg','22361-160712120336-1700236111.jpg'),(504,'22362-160712120341-1700236111.jpg','22362-160712120341-1700236111.jpg','22362-160712120341-1700236111.jpg'),(504,'22363-160712120345-1700236111.jpg','22363-160712120345-1700236111.jpg','22363-160712120345-1700236111.jpg'),(504,'22369-160712130930-1700236111.jpg','22369-160712130930-1700236111.jpg','22369-160712130930-1700236111.jpg'),(505,'27230-250313103806-1700236111.jpg','27230-250313103806-1700236111.jpg','27230-250313103806-1700236111.jpg'),(506,'42704-170615120718-1700236111.jpg','42704-170615120718-1700236111.jpg','42704-170615120718-1700236111.jpg'),(506,'42705-170615120721-1700236111.jpg','42705-170615120721-1700236111.jpg','42705-170615120721-1700236111.jpg'),(507,'29125-080713103318-1700236111.jpg','29125-080713103318-1700236111.jpg','29125-080713103318-1700236111.jpg'),(507,'29126-080713103322-1700236111.jpg','29126-080713103322-1700236111.jpg','29126-080713103322-1700236111.jpg'),(508,'28719-170613154223-1700236111.jpg','28719-170613154223-1700236111.jpg','28719-170613154223-1700236111.jpg'),(509,'13714-171210153814-1700236111.jpg','13714-171210153814-1700236111.jpg','13714-171210153814-1700236111.jpg'),(510,'175177_633831836139240000-1700236111.jpg','175177_633831836139240000-1700236111.jpg','175177_633831836139240000-1700236111.jpg'),(511,'175172_633826549043895000-1700236111.jpg','175172_633826549043895000-1700236111.jpg','175172_633826549043895000-1700236111.jpg'),(512,'29358-220713162823-1700236111.jpg','29358-220713162823-1700236111.jpg','29358-220713162823-1700236111.jpg'),(513,'36639-160914144412-1700236111.jpg','36639-160914144412-1700236111.jpg','36639-160914144412-1700236111.jpg'),(514,'21732-220512104954-1700236111 (1).jpg','21732-220512104954-1700236111 (1).jpg','21732-220512104954-1700236111 (1).jpg'),(514,'21732-220512104954-1700236111.jpg','21732-220512104954-1700236111.jpg','21732-220512104954-1700236111.jpg'),(515,'43257-160715144909-1700236111.jpg','43257-160715144909-1700236111.jpg','43257-160715144909-1700236111.jpg'),(515,'43258-160715144913-1700236111.jpg','43258-160715144913-1700236111.jpg','43258-160715144913-1700236111.jpg'),(516,'22076-140612130233-1700236111.jpg','22076-140612130233-1700236111.jpg','22076-140612130233-1700236111.jpg'),(517,'28784-200613161646-1700236111.jpg','28784-200613161646-1700236111.jpg','28784-200613161646-1700236111.jpg'),(518,'42966-290615140548-1700236111.jpg','42966-290615140548-1700236111.jpg','42966-290615140548-1700236111.jpg'),(519,'46182-041215123958-1700236111.jpg','46182-041215123958-1700236111.jpg','46182-041215123958-1700236111.jpg'),(520,'28174-230513133149-1700236111.jpg','28174-230513133149-1700236111.jpg','28174-230513133149-1700236111.jpg'),(521,'19344-1901121444461864066769.jpg','19344-1901121444461864066769.jpg','19344-1901121444461864066769.jpg'),(522,'31895-260214141412-1700236111.jpg','31895-260214141412-1700236111.jpg','31895-260214141412-1700236111.jpg'),(522,'31992-060314142614-1700236111.jpg','31992-060314142614-1700236111.jpg','31992-060314142614-1700236111.jpg'),(523,'28661-130613102256-1700236111.jpg','28661-130613102256-1700236111.jpg','28661-130613102256-1700236111.jpg'),(524,'27676-180413151544-1700236111 (2).jpg','27676-180413151544-1700236111 (2).jpg','27676-180413151544-1700236111 (2).jpg'),(524,'27676-180413151544-1700236111.jpg','27676-180413151544-1700236111.jpg','27676-180413151544-1700236111.jpg'),(524,'27678-180413151551-1700236111.jpg','27678-180413151551-1700236111.jpg','27678-180413151551-1700236111.jpg'),(525,'57439-050417134031-1700236111.jpg','57439-050417134031-1700236111.jpg','57439-050417134031-1700236111.jpg'),(525,'57440-050417134034-1700236111.jpg','57440-050417134034-1700236111.jpg','57440-050417134034-1700236111.jpg'),(525,'57441-050417134037-1700236111.jpg','57441-050417134037-1700236111.jpg','57441-050417134037-1700236111.jpg'),(526,'48740-290316151306-1700236111.jpg','48740-290316151306-1700236111.jpg','48740-290316151306-1700236111.jpg'),(527,'45283-041115152408-1700236111.jpg','45283-041115152408-1700236111.jpg','45283-041115152408-1700236111.jpg'),(527,'45286-041115152427-1700236111.jpg','45286-041115152427-1700236111.jpg','45286-041115152427-1700236111.jpg'),(527,'45287-041115152432-1700236111.jpg','45287-041115152432-1700236111.jpg','45287-041115152432-1700236111.jpg'),(528,'137766_633717741518906250-1700236111.jpg','137766_633717741518906250-1700236111.jpg','137766_633717741518906250-1700236111.jpg'),(529,'8924-160310145323-1700236111.jpg','8924-160310145323-1700236111.jpg','8924-160310145323-1700236111.jpg'),(530,'183696_633930349716151250-1700236111.jpg','183696_633930349716151250-1700236111.jpg','183696_633930349716151250-1700236111.jpg'),(531,'25189-271112091825-1700236111.jpg','25189-271112091825-1700236111.jpg','25189-271112091825-1700236111.jpg'),(532,'18732-141111150127-1700236111.jpg','18732-141111150127-1700236111.jpg','18732-141111150127-1700236111.jpg'),(532,'18735-141111150319-1700236111.jpg','18735-141111150319-1700236111.jpg','18735-141111150319-1700236111.jpg'),(532,'18736-141111150348-1700236111.jpg','18736-141111150348-1700236111.jpg','18736-141111150348-1700236111.jpg'),(533,'22830-150812110227-1700236111.jpg','22830-150812110227-1700236111.jpg','22830-150812110227-1700236111.jpg'),(534,'30594-301013155420-1700236111.jpg','30594-301013155420-1700236111.jpg','30594-301013155420-1700236111.jpg'),(535,'48790-310316154201-1700236111.jpg','48790-310316154201-1700236111.jpg','48790-310316154201-1700236111.jpg'),(535,'48791-310316154205-1700236111.jpg','48791-310316154205-1700236111.jpg','48791-310316154205-1700236111.jpg'),(535,'48792-310316154209-1700236111.jpg','48792-310316154209-1700236111.jpg','48792-310316154209-1700236111.jpg'),(535,'48793-310316154212-1700236111.jpg','48793-310316154212-1700236111.jpg','48793-310316154212-1700236111.jpg'),(536,'55601-240117155937-1700236111.jpg','55601-240117155937-1700236111.jpg','55601-240117155937-1700236111.jpg'),(536,'55602-240117155942-1700236111.jpg','55602-240117155942-1700236111.jpg','55602-240117155942-1700236111.jpg'),(537,'55526-190117173950-1700236111.jpg','55526-190117173950-1700236111.jpg','55526-190117173950-1700236111.jpg'),(537,'55527-190117173954-1700236111.jpg','55527-190117173954-1700236111.jpg','55527-190117173954-1700236111.jpg'),(537,'55528-190117173959-1700236111.jpg','55528-190117173959-1700236111.jpg','55528-190117173959-1700236111.jpg'),(538,'38870-260115102155-1700236111.jpg','38870-260115102155-1700236111.jpg','38870-260115102155-1700236111.jpg'),(538,'38871-260115102159-1700236111.jpg','38871-260115102159-1700236111.jpg','38871-260115102159-1700236111.jpg'),(539,'38931-260115165230-1700236111 (1).jpg','38931-260115165230-1700236111 (1).jpg','38931-260115165230-1700236111 (1).jpg'),(539,'38931-260115165230-1700236111.jpg','38931-260115165230-1700236111.jpg','38931-260115165230-1700236111.jpg'),(540,'57772-200417145837-1700236111.jpg','57772-200417145837-1700236111.jpg','57772-200417145837-1700236111.jpg'),(541,'20140-130312155031-1700236111.jpg','20140-130312155031-1700236111.jpg','20140-130312155031-1700236111.jpg'),(542,'56030-090217170413-1700236111.jpg','56030-090217170413-1700236111.jpg','56030-090217170413-1700236111.jpg'),(543,'29621-080813141823-1700236111.jpg','29621-080813141823-1700236111.jpg','29621-080813141823-1700236111.jpg'),(544,'57516-060417111851-1700236111.jpg','57516-060417111851-1700236111.jpg','57516-060417111851-1700236111.jpg'),(545,'35986-280714143342-1700236111.jpg','35986-280714143342-1700236111.jpg','35986-280714143342-1700236111.jpg'),(546,'58196-020517162421-1700236111.jpg','58196-020517162421-1700236111.jpg','58196-020517162421-1700236111.jpg'),(547,'27003-150313102424-1700236111.jpg','27003-150313102424-1700236111.jpg','27003-150313102424-1700236111.jpg');
/*!40000 ALTER TABLE `images` ENABLE KEYS */;
UNLOCK TABLES;

--
-- Table structure for table `itemproperties`
--

DROP TABLE IF EXISTS `itemproperties`;
/*!40101 SET @saved_cs_client     = @@character_set_client */;
/*!40101 SET character_set_client = utf8 */;
CREATE TABLE `itemproperties` (
  `itemId` int(11) NOT NULL,
  `propertyId` int(11) NOT NULL,
  `value` char(255) NOT NULL,
  PRIMARY KEY (`itemId`,`propertyId`),
  KEY `propertyId` (`propertyId`),
  CONSTRAINT `itemproperties_ibfk_1` FOREIGN KEY (`itemId`) REFERENCES `items` (`id`),
  CONSTRAINT `itemproperties_ibfk_2` FOREIGN KEY (`propertyId`) REFERENCES `properties` (`id`)
) ENGINE=InnoDB DEFAULT CHARSET=latin1;
/*!40101 SET character_set_client = @saved_cs_client */;

--
-- Dumping data for table `itemproperties`
--

LOCK TABLES `itemproperties` WRITE;
/*!40000 ALTER TABLE `itemproperties` DISABLE KEYS */;
INSERT INTO `itemproperties` VALUES (344,12,'-3.2'),(344,13,'-9.6'),(344,14,'-22'),(344,15,'2 to 3 Season'),(344,16,'Mummy'),(344,17,'300T Ripstop Microfibre Polyester / Brushed 190T Microfibre Polyester'),(344,18,'Yes'),(344,19,'230 x 80cm'),(344,20,'1650g'),(344,21,'Right Hand'),(344,22,'250g/m? Double Layer 3D & 6D Hollowfibre'),(344,23,'Yes'),(344,24,'Synthetic'),(344,25,'42 x 23cm'),(344,26,'Yes'),(345,27,'26\"'),(345,28,'6061 aircraft grade hydroformed alloy frame'),(345,29,'Suntour XCT'),(345,30,'21'),(345,31,'Shimano EZ Fire'),(345,32,'24x34x42T triple chainset'),(345,33,'Mechanical Disc'),(345,34,'Double-wall alloy rims'),(345,35,'Steel'),(345,36,'Steel'),(345,37,'Unisex'),(346,12,'-50+50'),(346,15,'all'),(346,21,'left'),(346,37,'Womens'),(346,38,'2620'),(346,39,'65'),(423,53,'Yes'),(423,55,'6000'),(423,72,'20'),(423,73,'Air Tube'),(423,81,'Fire Retardent'),(423,84,'23.50'),(424,69,'80 x 28.5'),(424,84,'14.40'),(425,43,'2'),(425,44,'4'),(425,51,'3'),(425,54,'150D Oxford polyester'),(425,55,'6000'),(425,60,'120g/m² PE - Black'),(425,61,'5000'),(425,64,'205.00'),(425,65,'190T breathable Polyester'),(425,67,'490.00'),(425,69,'80 x 43'),(425,71,'Outer First'),(425,72,'3'),(425,73,'Air Tube'),(425,76,'Weekend'),(425,77,'Yes'),(425,81,'Repair Kit, Vents, Windows'),(425,83,'2'),(425,84,'28'),(425,86,'315.00'),(425,87,'5'),(426,27,'26\"'),(426,28,'6061 aircraft grade hydroformed alloy frame'),(426,29,'Suntour XCT'),(426,30,'21'),(426,31,'Shimano EZ Fire'),(426,32,'24x34x42T triple chainset'),(426,33,'Mechanical Disc'),(426,34,'Double-wall alloy rims'),(426,35,'Steel'),(426,36,'Steel'),(426,37,'Unisex'),(427,20,'42895'),(427,27,'700c'),(427,28,'Compact geometry 6061 double butted alloy with tapered head tude'),(427,29,'Carbon blade fork with tapered steerer'),(427,30,'20'),(427,31,'Shimano Tiagra STI'),(427,32,'Shimano Tiagra 34/50T'),(427,37,'Mens'),(427,45,'Shimano external cup'),(427,46,'Shimano Tiagra dual divot'),(427,47,'Shimano Tiagra STI'),(427,48,'Shimano Tiagra 11-25T'),(427,56,'52-56cm'),(427,57,'Shimano Tiagra double FD'),(427,62,'FSA Vero Compact RD-320S (S=420mm, M & L=440mm)'),(427,63,'FSA No.42B/CUP semi integrated 7x5mm alloy spacer'),(427,70,'Wellgo flat test ride with toe clips'),(427,75,'Shimano Tiagra 10 speed'),(427,78,'Selle Royal Seta'),(427,79,'FSA SL-280 micro adjust 27.2x350mm'),(427,80,'FSA OS-190 Laser (S=90mm, M=100mm, L=110mm)'),(427,82,'Schwalbe Lugano puncture protection 700x23c'),(427,85,'Shimano RS501'),(428,43,'1'),(428,44,'8'),(428,51,'1'),(428,55,'2000'),(428,69,'85 x 30 x 30'),(428,71,'Inner First'),(428,74,'Steel'),(428,76,'Weekend'),(428,84,'20.70'),(429,20,'11.8kg'),(429,27,'20\"'),(429,28,'Alloy folding bike frame'),(429,29,'Alloy'),(429,30,'8'),(429,31,'Shimano Claris'),(429,32,'Prowheel Alloy'),(429,33,'V Shape'),(429,34,'Double wall alloy'),(429,35,'KT alloy quick release hubs'),(429,36,'KT alloy quick release hubs'),(429,46,'Alloy V brake'),(429,47,'Alloy 3-finger'),(429,48,'Shimano'),(429,49,'KMC'),(429,58,'Shimano Claris'),(429,62,'Alloy'),(429,63,'A-head'),(429,70,'Alloy body with nylon folding cage'),(429,75,'Shimano Claris'),(429,78,'Sport style'),(429,79,'Alloy 30.4mm 600mm'),(429,80,'Alloy folding'),(429,82,'20\" x 28c road style'),(430,27,'26\"'),(430,28,'Alloy'),(430,29,'Suspension'),(430,30,'21'),(430,37,'Mens'),(430,58,'Shimano'),(430,78,'Colour match saddle'),(430,82,'Semi slick tyres'),(430,85,'Quick release front wheel'),(431,20,'15.5kg'),(431,28,'Alloy'),(431,29,'Steel'),(431,30,'21'),(431,31,'Shimano EF51 EZ Fire shifters'),(431,32,'Shimano 28/38/48T'),(431,33,'V Shape'),(431,34,'Double wall alloy'),(431,35,'KT Alloy'),(431,36,'KT Alloy'),(431,37,'Mens'),(431,46,'Alloy V Brakes'),(431,47,'Shimano'),(431,48,'Shimano 14-28T'),(431,49,'KMC'),(431,57,'Shimano TZ31'),(431,58,'Shimano'),(431,62,'Alloy'),(431,70,'Platform pedal'),(431,75,'Shimano TX35'),(431,78,'Comfort Saddle'),(431,79,'Steel 27.2mm 300mm'),(431,80,'Alloy adjustable'),(431,82,'700C x 38C Trekking Tyres'),(432,37,'Childrens'),(433,20,'42867'),(433,27,'20\"'),(433,28,'AA Series Dalloy Frame, Patented Visegrip Technology'),(433,29,'Integrated, Patented Fusion Technology'),(433,30,'7'),(433,31,'7 Speed indexed Grip Shift Unit'),(433,32,'Alloy Chainset'),(433,37,'Mens'),(433,46,'Alloy V-Brakes'),(433,47,'Alloy'),(433,58,'Shimano Tourney 7 speed'),(433,85,'Alloy Hubs, Alloy Rims'),(434,37,'Womens'),(434,38,'380'),(434,41,'top'),(434,52,'HexLite 210 / Ripstop 210'),(434,76,'Walking'),(435,37,'Unisex'),(436,27,'700c'),(436,28,'Forme 6061 Alloy 700C Internal Headtube'),(436,29,'3K Carbon fork with mudguard eyelets and internal routing'),(436,30,'22'),(436,31,'Shimano 105 11 speed'),(436,32,'Shimano 105'),(436,33,'Mechanical Disc'),(436,37,'Mens'),(436,45,'Shimano 105 included in chainset'),(436,46,'Shimano R317 Cable Disc'),(436,48,'Shimano 5800'),(436,49,'Shimano HG-600-11'),(436,57,'Shimano 105'),(436,62,'4ZA Cirrus flat top stealth black double butted'),(436,63,'FSA No11'),(436,70,'Black plastic'),(436,75,'Shimano 105 11 speed'),(436,78,'Forme race pro'),(436,79,'4ZA Cirrus carbon 31.6mm'),(436,80,'4ZA Cirrus stealth black, 90mm, -7 rise'),(436,82,'Shwalbe Lugano 700x19'),(436,85,'Mavic CXP-22 rims built onto sealed bearing hubs'),(437,43,'1'),(437,44,'4'),(437,51,'1'),(437,55,'1500'),(437,61,'2000'),(437,69,'61 x 30 x 41'),(437,73,'Air Tube'),(437,76,'Weekend'),(437,84,'34547'),(438,43,'2'),(438,44,'6'),(438,51,'2'),(438,53,'Yes'),(438,54,'68D 190T polyester'),(438,55,'4000'),(438,60,'PE 140g/m2'),(438,64,'210.00'),(438,65,'185T BR polyester'),(438,66,'182'),(438,67,'700.00'),(438,68,'5'),(438,69,'68cm x 33cm'),(438,71,'Outer First'),(438,72,'30'),(438,73,'Fibreglass'),(438,74,'Fibreglass'),(438,77,'Yes'),(438,81,'Fire Retardent, Repair Kit, Vents, Windows'),(438,83,'2'),(438,84,'17.14'),(438,86,'240.00'),(438,87,'4'),(439,76,'Backpacking, Festival, Travel'),(440,37,'Childrens'),(441,37,'Unisex'),(442,42,'220 x 135 x 100'),(442,43,'1'),(442,44,'2'),(442,51,'1'),(442,54,'30D 270T Silicone / PU Coated Nylon'),(442,55,'3000'),(442,60,'70D PU Coated Nylon'),(442,61,'7000'),(442,64,'105.00'),(442,65,'30D 270T Breathable Nylon'),(442,67,'290.00'),(442,68,'2'),(442,69,'44 x 14 x 14'),(442,71,'Inner First'),(442,72,'10'),(442,73,'Aluminium'),(442,74,'Yunan T6 aluminium 8.5mm'),(442,81,'Vents'),(442,83,'2'),(442,84,'34700'),(442,86,'150.00'),(443,43,'1'),(443,44,'2'),(443,51,'2'),(443,54,'Polyester 680/210T Ripstop'),(443,55,'4000'),(443,61,'6000'),(443,64,'100.00'),(443,65,'Breathable ripstop polyester'),(443,67,'225.00'),(443,69,'48 x 19 x 19'),(443,71,'Outer First'),(443,72,'15'),(443,74,'Easyglide GRP'),(443,76,'Touring'),(443,81,'Vents'),(443,84,'43073'),(443,86,'225'),(444,37,'Unisex'),(444,38,'800'),(444,39,'28'),(444,50,'59 x 30 x 19'),(445,28,'Orbea Avant Hydro, hydroformed triple butted aluminum'),(445,29,'Avant carbon fork, aluminum steerer'),(445,31,'Shimano Tourney'),(445,32,'Shimano Tourney 30x39x50t'),(445,37,'Mens'),(445,48,'Shimano HG20 12-28t 7-Speed'),(445,57,'Shimano Tourney'),(445,62,'Orbea OC-II'),(445,63,'1-1/8\" Semi-Integrated Aluminium Cup'),(445,70,'VP Road Alloy'),(445,75,'Shimano Tourney'),(445,78,'Prologo K3 STN size 141 mm'),(445,79,'Orbea OC-I 27.2x350mm'),(445,80,'Orbea OC-II'),(445,82,'Kenda Kriterium 700x25 60TPI'),(445,85,'Orbea R1800'),(446,37,'Mens'),(446,38,'2120'),(446,39,'65'),(446,41,'top, bottom'),(446,50,'84 x 38 x 39'),(446,52,'100D X 630D Nylon Dobby'),(447,37,'Unisex'),(447,38,'1130'),(447,39,'48'),(447,59,'2'),(449,27,'700c'),(449,28,'Raleigh Classic steel twin tube low step frame'),(449,29,'Raleigh rigid steel fork, chrome threaded headset'),(449,37,'Womens'),(449,45,'Square taper'),(449,46,'Aluminium V-brakes'),(449,49,'KMC'),(449,58,'Shimano Tourney 7 speed with Revo rotational shifter, 42T aluminium chainset, 14-28t freewheel'),(449,62,'Raleigh Classic swept back bar, short reach stem, stitched leather effect ergo grip'),(449,63,'Chrome threaded 1\"'),(449,85,'700c aluminium rims colour co-ordinated, aluminium nutted hubs, City tread 700 x 38c colour coordinated tyres'),(450,43,'1'),(450,44,'6'),(450,51,'1'),(450,54,'HydroTex Polycotton (65% cotton / 35% polyester)'),(450,60,'210T Oxford polyester'),(450,61,'5000'),(450,64,'270'),(450,67,'400.00'),(450,69,'80 x 27'),(450,71,'As One'),(450,74,'Alloy'),(450,76,'Weekend'),(450,84,'42751'),(450,86,'400.00'),(451,37,'Womens'),(452,55,'8000'),(452,64,'153'),(452,67,'305.00'),(452,69,'80 x 43'),(452,76,'Fishing'),(452,84,'14.00'),(452,86,'335.00'),(453,43,'2'),(453,44,'5'),(453,51,'2'),(453,53,'Yes'),(453,54,'Protex? 4000HH polyester embossed'),(453,55,'4000'),(453,60,'Polyethylene 10000HH'),(453,61,'10000'),(453,64,'195.00'),(453,65,'Breathable polyester ?lights out?'),(453,67,'470.00'),(453,68,'3'),(453,69,'70 x 30 x 31'),(453,71,'Outer First'),(453,72,'12'),(453,73,'Fibreglass'),(453,74,'PowerFlex Fibreglass'),(453,76,'Weekend'),(453,81,'Fire Retardent'),(453,84,'14.80'),(453,86,'315.00'),(454,43,'3'),(454,44,'6'),(454,51,'3'),(454,53,'Yes'),(454,54,'Protex 70 Denier polyester'),(454,55,'4000'),(454,60,'PE'),(454,61,'10000'),(454,64,'210.00'),(454,65,'Breathable Polyester'),(454,66,'185.00'),(454,67,'595.00'),(454,68,'5'),(454,69,'L82 x H31 x W41cm'),(454,71,'As One'),(454,72,'25'),(454,73,'Steel'),(454,74,'Powerplus Steel'),(454,81,'Fire Retardent'),(454,84,'40.00'),(454,86,'470.00'),(455,43,'1'),(455,44,'2'),(455,53,'Yes'),(455,54,'Protex HC 5000 Polyester'),(455,55,'5000'),(455,60,'6000mm Waterproof Polyester'),(455,61,'6000'),(455,68,'3'),(455,71,'Outer First'),(455,72,'10'),(455,73,'Aluminium'),(455,74,'PowerLite 7001-T6 Alloy plus TBSII'),(455,77,'Yes'),(455,81,'Fire Retardent, Repair Kit'),(531,38,'475'),(531,88,'Chromolly Steel'),(533,38,'505'),(533,50,'65cm'),(533,88,'Stainless Steel/Aluminum'),(534,37,'Unisex'),(534,89,'Lace-up'),(534,90,'X Factor'),(534,91,'535'),(536,37,'Mens'),(536,89,'Two Hook and Loop Tabs'),(536,92,'Slip Lasted'),(536,93,'Medium'),(536,94,'Synthetic & Suede'),(536,95,'4.00'),(537,37,'Mens'),(537,88,'Fabric and Leather'),(537,89,'Mythos lacing system'),(537,96,'Suede and PU'),(537,97,'760'),(537,98,'Low Cut'),(537,99,'Ortholite Approach 4mm'),(537,100,'Shock Absorbing EVA'),(537,101,'Mega-Grip Vibram Sole'),(537,102,'Yes'),(537,103,'Firm/ for mountain walks over rough ground'),(537,104,'B0 - not suitable for crampons'),(537,105,'Toe Protection/ Vibram?'),(537,106,'No'),(540,37,'Mens'),(540,38,'490'),(540,59,'5'),(541,20,'350'),(541,83,'Yes'),(541,107,'Yes'),(541,108,'Yes'),(541,109,'Expanded polystyrene [EPS]'),(541,110,'54-62'),(541,111,'Yes'),(544,112,'25'),(544,113,'10'),(544,114,'10'),(546,38,'82'),(546,50,'98 x 61mm'),(546,112,'22'),(546,113,'7'),(546,114,'8'),(546,115,'Keylock'),(546,116,'27'),(547,38,'103'),(547,112,'27'),(547,113,'8'),(547,114,'8'),(547,117,'21'),(547,118,'18'),(547,119,'11'),(547,120,'Dyneema'),(547,121,'10');
/*!40000 ALTER TABLE `itemproperties` ENABLE KEYS */;
UNLOCK TABLES;

--
-- Table structure for table `itemrates`
--

DROP TABLE IF EXISTS `itemrates`;
/*!40101 SET @saved_cs_client     = @@character_set_client */;
/*!40101 SET character_set_client = utf8 */;
CREATE TABLE `itemrates` (
  `itemId` int(11) NOT NULL,
  `user` char(50) NOT NULL DEFAULT '',
  `rateDate` date NOT NULL,
  `rate` decimal(20,2) NOT NULL DEFAULT '0.00',
  PRIMARY KEY (`itemId`,`user`,`rateDate`),
  CONSTRAINT `itemrates_ibfk_1` FOREIGN KEY (`itemId`) REFERENCES `items` (`id`)
) ENGINE=InnoDB DEFAULT CHARSET=latin1;
/*!40101 SET character_set_client = @saved_cs_client */;

--
-- Dumping data for table `itemrates`
--

LOCK TABLES `itemrates` WRITE;
/*!40000 ALTER TABLE `itemrates` DISABLE KEYS */;
INSERT INTO `itemrates` VALUES (344,'','2017-01-01',3.90),(345,'','2017-01-01',4.40),(346,'','2017-01-01',3.70),(423,'','2017-01-01',3.60),(424,'','2017-01-01',4.60),(425,'','2017-01-01',4.30),(426,'','2017-01-01',4.10),(427,'','2017-01-01',4.90),(428,'','2017-01-01',5.00),(429,'','2017-01-01',3.50),(430,'','2017-01-01',4.30),(431,'','2017-01-01',3.70),(432,'','2017-01-01',4.60),(433,'','2017-01-01',5.00),(434,'','2017-01-01',3.90),(435,'','2017-01-01',3.50),(436,'','2017-01-01',3.70),(437,'','2017-01-01',5.00),(438,'','2017-01-01',4.50),(439,'','2017-01-01',3.90),(440,'','2017-01-01',4.60),(441,'','2017-01-01',3.80),(442,'','2017-01-01',4.00),(443,'','2017-01-01',4.80),(444,'','2017-01-01',4.00),(445,'','2017-01-01',4.60),(446,'','2017-01-01',4.20),(447,'','2017-01-01',4.70),(448,'','2017-01-01',4.60),(449,'','2017-01-01',3.70),(450,'','2017-01-01',5.00),(451,'','2017-01-01',3.90),(452,'','2017-01-01',3.60),(453,'','2017-01-01',4.00),(454,'','2017-01-01',4.10),(455,'','2017-01-01',5.00),(494,'','2017-01-01',3.50),(495,'','2017-01-01',3.10),(496,'','2017-01-01',4.60),(497,'','2017-01-01',3.30),(498,'','2017-01-01',3.80),(499,'','2017-01-01',4.00),(500,'','2017-01-01',3.90),(501,'','2017-01-01',5.00),(502,'','2017-01-01',4.20),(503,'','2017-01-01',3.10),(504,'','2017-01-01',3.90),(505,'','2017-01-01',3.40),(506,'','2017-01-01',3.40),(507,'','2017-01-01',3.00),(508,'','2017-01-01',3.70),(509,'','2017-01-01',4.00),(510,'','2017-01-01',4.30),(511,'','2017-01-01',4.00),(512,'','2017-01-01',3.00),(513,'','2017-01-01',3.70),(514,'','2017-01-01',3.80),(515,'','2017-01-01',4.20),(516,'','2017-01-01',4.00),(517,'','2017-01-01',3.80),(518,'','2017-01-01',3.20),(519,'','2017-01-01',3.50),(520,'','2017-01-01',4.00),(521,'','2017-01-01',4.60),(522,'','2017-01-01',3.70),(523,'','2017-01-01',3.40),(524,'','2017-01-01',3.70),(525,'','2017-01-01',4.40),(526,'','2017-01-01',3.50),(527,'','2017-01-01',3.70),(528,'','2017-01-01',4.90),(529,'','2017-01-01',5.00),(530,'','2017-01-01',3.40),(531,'','2017-01-01',3.70),(532,'','2017-01-01',4.50),(533,'','2017-01-01',4.10),(534,'','2017-01-01',4.90),(535,'','2017-01-01',4.80),(536,'','2017-01-01',3.50),(537,'','2017-01-01',4.20),(538,'','2017-01-01',4.90),(539,'','2017-01-01',3.90),(540,'','2017-01-01',4.50),(541,'','2017-01-01',4.20),(542,'','2017-01-01',3.10),(543,'','2017-01-01',3.90),(544,'','2017-01-01',4.20),(545,'','2017-01-01',3.00),(546,'','2017-01-01',4.60),(547,'','2017-01-01',4.00);
/*!40000 ALTER TABLE `itemrates` ENABLE KEYS */;
UNLOCK TABLES;

--
-- Table structure for table `items`
--

DROP TABLE IF EXISTS `items`;
/*!40101 SET @saved_cs_client     = @@character_set_client */;
/*!40101 SET character_set_client = utf8 */;
CREATE TABLE `items` (
  `id` int(11) NOT NULL AUTO_INCREMENT,
  `name` varchar(255) NOT NULL,
  `mainImage` varchar(255) DEFAULT NULL,
  `categoryId` int(11) DEFAULT NULL,
  `description` text,
  `shortDescription` text,
  PRIMARY KEY (`id`),
  KEY `categoryId` (`categoryId`),
  CONSTRAINT `items_ibfk_1` FOREIGN KEY (`categoryId`) REFERENCES `categories` (`id`)
) ENGINE=InnoDB AUTO_INCREMENT=548 DEFAULT CHARSET=latin1;
/*!40101 SET character_set_client = @saved_cs_client */;

--
-- Dumping data for table `items`
--

LOCK TABLES `items` WRITE;
/*!40000 ALTER TABLE `items` DISABLE KEYS */;
INSERT INTO `items` VALUES (344,'Pioneer 250 Sleeping Bag','38728-150115160149-791591112.jpg',114,'The Hi Gear Pioneer 250 Sleeping Bag combines a great balance of light weight and cosy warmth, giving you complete comfort and really good value for money.The insulation is a double layered 250g/m2 synthetic Hollowfibre which traps warm air close to the body, and will even perform well when damp. The ripstop outer fabric is soft yet durable, while the brushed polyester lining gives you great next to skin comfort. Neck and zip baffles help to eliminate drafts and cold spots, with the drawcord letting you close the hood around your head in colder conditions, whilst the full length zip allows you to ventilate the bag if you get too warm.Ideal for spring to autumn camping,  the Pioneer 250 has all the features you need to sleep in comfort in the outdoors - theres even a handy inner pocket to stash your phone/mp3 player.It also comes in its own stuff sack, compressing down easily to a decent pack size that wont take up much room, or weigh you down.','A great 2-3 season sleeping bag which is lightweight, with warm synthetic insulation'),(345,'Crag Mountain Bike','52282-2508161226461973763845.jpg',163,'The Calibre Crag Mountain Bike gives you great value XC performance with full Shimano shifting, mechanical disc brakes and Suntour suspension forks, with a fresh new livery for 2016. The frame itself is constructed from aerospace-grade 6061 aluminium, hydroformed for optimum trail ruggedness and precisely hand-welded at every join. The geometry is designed around the 26\"\" wheels for classic XC handling while modern touches like a slackened head angle bring things right up the minute with better handling on tougher trails. Suntour XCT forks provide 100mm of responsive, coil-sprung front suspension to keep you in control over rough terrain. Full Shimano shifting ensures an efficient drivetrain to keep you moving fast. A 24x34x42T triple chainset combines with a 7-speed rear derailleur for a huge range of 21 gears, each of which is easily, quickly, and smoothly accessible with the Shimano EZ-Fire shifters on your handlebars. Whatever the terrain throws at you, youll have a gear to handle it. When you do need to slow down, powerful mechanical disc brakes with 160mm rotors will provide the stopping power consistently and reliably every time. The bike rolls on 26\"\" wheels with durable double-wall alloy rims and hardwearing steel hubs. 26\"\" wheels are easier to control than bigger 27.5\"\" or 29\"\" wheels, making them great for newer mountain bikers who are still honing their skills. The wheels are shod with 2.1\"\" tyres with a fast and grippy tread for great versatility in varied conditions and terrain. In short, the Crag is like the Two.Two but even better. The frame has proven itself time and time again, impressing experts in the media and regular Go Outdoors customers alike. With a brand new spec and the same amazing value for money, the Crag is set for even bigger things.','A classic hardtail mountain bike which builds on the success of the award-winning Calibre Two.Two.'),(346,'Women\"\"s Sherpa 65 Rucksack','56302-2402170949541177228853.jpg',110,'A tough and functional Vango classic. the Womens Sherpa 65 backpack is versatile enough to adapt to your changing circumstances and load. keeping you comfortable as you walk.The Sherpa 65s adjustable. ventilated back system coupled with the shaped. adjustable harness lets you customise the fit as you move. and there are plenty of pocket and organisation options to help you stabilise your load for a less troublesome trek.','Ideal for DofE expeditions and longer stays away from home.'),(423,'Airgo Solus Horizon 320 Inflatable Driveaway','50190-140616143819-1700236111.jpg',95,'The Airgo Solus Horizon 320 Driveaway awning adds a large and spacious shelter to the side of your vehicle or caravan. It\"\"s easy to set up, with multiple inflation points (one on each air beam) and comes with a pump so you\"\"re ready to go.Once it\"\"s pitched you can unhook it from your vehicle, drive away and leave it standing, ready for your return.','An easily set up, freestanding add-on shelter that gives you a large extra living space for your weekend breaks or summer camping holidays.'),(424,'Airgo Stratus 400 Porch','57073-280317120309-1700236111.jpg',96,'The Airgo Stratus 400 Porch uses inflatable, interconnected beams for simple and rapid pitching, so you can add a huge area to your Stratus 400 tent and double up your shelter and recreation room!Airgo tents\"\" inflatable beam construction takes the hassle out of camping. Just pump up the highly robust double skinned beams, and you have a rigid pole-free frame in minutes. All the beams are connected so they inflate from a single inflation point.It uses zips to attach next to the side door of the tent, and strong guying points and multiple guy lines ensure that it will stay stable and in one piece, even in unforgiving weather. And when it\"\"s time to take your camp down, it packs away into its own \"\"Easy Pack\"\" bag with little effort.Inflates in under a minute\"\"Easy Pack\"\" tent bag','Get more from your Airgo Stratus 400 tent with this simple add-on extension.'),(425,'Airgo Stratus 400 Inflatable Tent','52865-0510161511501864066769.jpg',96,'The Airgo Stratus 400 tent is a comfy, sturdy space that uses inflatable, interconnected beams for simple and rapid pitching. It\"\"s got plenty of room for four campers, with a good sized front porch for storing your boots, bags and any other essential kit.Airgo tents\"\" highly robust double skinned inflatable beams take the hassle out of camping - just pump them full of air and you have a rigid pole-free frame in minutes. All the beams are connected so they inflate from a single inflation point.The inner tent is made from breathable fabric for good airflow, with side storage pockets to help you stay tidy and organised. The bedroom area uses light-blocking fabric to stay dark and cool, making for a better night\"\"s sleep (or afternoon nap!)Strong guying points and multiple guy lines keep it stable and in one piece, even in unforgiving weather. And when it\"\"s time to take your camp home, it packs away into its own \"\"Easy Pack\"\" tent bag with the minimum of effort.Comes with a stirrup pump for fast inflation - inflates in under a minute!Comprehensive repair kit included\"\"Easy Pack\"\" tent bag','A spacious tent for four that sets up in just a few minutes with minimal effort'),(426,'Calibre Crag Mountain Bike','52282-250816122646-1700236111.jpg',163,'The Calibre Crag Mountain Bike gives you great value XC performance with full Shimano shifting, mechanical disc brakes and Suntour suspension forks, with a fresh new livery for 2016. The frame itself is constructed from aerospace-grade 6061 aluminium, hydroformed for optimum trail ruggedness and precisely hand-welded at every join. The geometry is designed around the 26\"\" wheels for classic XC handling while modern touches like a slackened head angle bring things right up the minute with better handling on tougher trails. Suntour XCT forks provide 100mm of responsive, coil-sprung front suspension to keep you in control over rough terrain. Full Shimano shifting ensures an efficient drivetrain to keep you moving fast. A 24x34x42T triple chainset combines with a 7-speed rear derailleur for a huge range of 21 gears, each of which is easily, quickly, and smoothly accessible with the Shimano EZ-Fire shifters on your handlebars. Whatever the terrain throws at you, you\"\"ll have a gear to handle it. When you do need to slow down, powerful mechanical disc brakes with 160mm rotors will provide the stopping power consistently and reliably every time. The bike rolls on 26\"\" wheels with durable double-wall alloy rims and hardwearing steel hubs. 26\"\" wheels are easier to control than bigger 27.5\"\" or 29\"\" wheels, making them great for newer mountain bikers who are still honing their skills. The wheels are shod with 2.1\"\" tyres with a fast and grippy tread for great versatility in varied conditions and terrain. In short, the Crag is like the Two.Two but even better. The frame has proven itself time and time again, impressing experts in the media and regular Go Outdoors customers alike. With a brand new spec and the same amazing value for money, the Crag is set for even bigger things.','A classic hardtail mountain bike which builds on the success of the award-winning Calibre Two.Two.'),(427,'Calibre Rivelin 2.0 Road Bike','51364-180716092441-1700236111.jpg',162,'The Calibre Rivelin 2.0 Road Bike boasts an alloy frame, carbon fork and a full Shimano Tiagra groupset - everything you need to excel in your first sportive or road race.Its double-butted 6061 alloy frame uses compact geometry that combines long-distance comfort with nippy handling, while the aluminium tubing is contoured for low weight and high stiffness.Slim seat stays offer controlled vertical compliance to dampen bumps and vibrations in the road. A carbon fibre fork cuts weight further and soaks up road buzz for added comfort. A tapered steerer adds extra front-end stiffness for razor-sharp control around high-speed corners.Shimano\"\"s Tiagra components feature pro-level technology developed and tested at the highest levels of international competition. Between the 10-speed cassette and compact 50/34T double chainset, you have a range of gears wide enough to get up any hill.The Shimano R500 wheelset boasts a semi-aero rim profile that cuts through the air for great speed. Lightweight aluminium construction makes for speedy acceleration and easier climbing, and Shimano hubs roll on smooth, easy to maintain cup-and-cone bearings. The grippy Schwalbe Lugano tyres deliver all-weather performance.The cockpit, stem, handlebar and headset all come from FSA\"\"s performance range. FSA provide the seatpost as well, with a micro-adjust saddle clamp for easy tweaks to the fit of the bike. Finishing things off is a sport saddle from the Italian experts at Selle Royal.','A race-ready road machine that gives you true all-round performance.'),(428,'Coleman Cortes Octagon 8 Tent','54984-050117103050-1700236111.jpg',96,'Coleman\"\"s eye-catching Cortes Octagon 8 is a stylish, spacious tent that\"\"s more like a comfy and adaptable outdoor space that you can tailor to suit your needs.It\"\"s a single large room, with a removable partition curtain that can segregate it into two areas.It gives you a full 360° view of your surroundings, and six of the eight sides open up completely, allowing lots of air and light into the tent. The two remaining sides feature a doorway with the patented Coleman \"\"Hinge Door\"\" that functions like an actual door, swinging open and shut, so entering and leaving is less of a chore. The flysheet can be removed to transform the tent into a bug-proof screen room, perfect for summer days in the garden or the park. It comes in a sturdy wheeled carrybag, so it\"\"s very easy to transport.Total area: 15.7m²Fabric: Pu coated polyester with taped seamsFully integrated PE welded groundsheet','Make your camping trip more of a glamping experience.'),(429,'Compass Fast Forward Folding Bike','57306-040417145908-1700236111.jpg',164,'Easy to ride and easy to carry, combining speed and practicality for commuters using public transportClever folding alloy frame designed for light weight and bulk-free transportation and storageEfficient 8-speed Shimano Claris gearing with a wide-range 12-32T cassette that\"\"s great for varied terrainTough, lightweight 20\"\" double wall alloy rims that are faster than their small size might suggestFinished with a performance Compass Fast Forward saddle and lock on handlebar grips','Easy to ride and easy to carry, this folding bike offers the perfect balance of speed and practicality for commuters using public transport'),(430,'Compass Latitude Hardtail Mountain Bike','52517-130916093903-1700236111.jpg',163,'The Compass Latitude will allow you to tackle a more varied terrain with added comfort and control.Built around a lightweight alloy frame this bike is well equipped with a front suspension fork to soak up rougher ground, allowing you to easily venture into new territory. Nicely equipped with a 21 speed gearing system to ensure no terrain is too challenging, and you will be rolling quick and efficiently on two semi slick tyres for lower resistance.When you need to hit the brakes the alloy V-brakes will deliver a sharp and powerful stop.','A lightweight front suspension mountain bike for tackling varied terrain.'),(431,'Compass Local Men\"\"s Hybrid Bike','57343-040417163436-1700236111.jpg',164,'Durable trekking-style aluminium frame with a sturdy steel fork designed to dull vibrations from rough road surfacesMake hills a breeze with smooth 21-speed Shimano gears and simple-to-use EZ-Fire shiftersAdjustable stem and comfort saddle ensures a comfy riding position for bumpy city streetsReady to roll with chromoplastic full length mudguards, rear carrier rack and chain guard','An ultra-dependable city bike with everything you need to get around town quickly and comfortably in a simple and easy-to-use package.'),(432,'Cuda Kinetic 24\"\" Kids\"\" Mountain Bike','52845-051016102431-1700236111.jpg',170,'Alloy frame with Zoom suspension forkAlloy V-brakes and leversMicro adjustable seat post so you can set up the bike to perfectly suit the riderQuick release seat clamp for easy saddle height adjustment18 speed Shimano gears with Revo twist shifterKenda tyres for multiple terrainsCorrectly scaled saddle to give a better riding position','A serious kids\"\" mountain bike with a wide range of gears.'),(433,'Dahon Vybe D7 Folding Bike','51225-120716144822-1700236111.jpg',164,'The Dahon Vybe D7 has been designed for total convenience and comfort, with long-lasting components (from a Radius handlepost to Fusion and V-Clamp technologies) and the Dahon II Frame Geometry which ensures a pleasant, safe and harmonious ride.It sets up or folds away in a matter of seconds, and is compact enough to stash under a desk, in a cupboard or in the boot of your car - take it wherever you go, just in case!Patented Radius handlepost (made from forged aluminium) gives a stiff and strong connection to the frame and forkFolded Size: 30 x 80 x 66 cmFold Time: 15 secondsLeg size: 32\"\" - 37\"\" Inside Leg Alloy Finishing Kit','A smooth-riding bike that folds away to a very convenient size, perfect for cross-town commutes.'),(434,'Deuter Mistral 28 Ladies\"\" Daypack','48157-170216143605-1700236111.jpg',110,'Ideal for day hikes, the Deuter Mistral 30 features their tried and tested Advanced Aircomfort carry system which keeps your back well ventilated while perfectly balances your load.Its spring steel frame provides a flexible and light structure, and coupled with the adjustable, padded hip belt makes sure that weight is stabilised and spread, taking the strain off your back.Tough construction and ripstop materials mean that it will easily stand up to the rigours of days on the trails, and you can keep the contents safe and dry with the integrated, detachable raincover.This version has been designed to better fit a female torso, with a slightly smaller back frame and ergonomically angled hipbelt.Advanced Aircomfort System with load adjustment and padded hip beltAanatomically shaped, softly padded shoulder strapsLid pocket with zipped valuables compartmentAttachment loops on lidHiking pole attachmentMesh side pocketsCompression strapsSOS labelAttachment for drinking tube','A light, tough and day bag with an integrated raincover, built to better fit a woman\"\"s back and hips - exclusive to GO Outdoors.'),(435,'Deuter Sun Roof and Rain Cover for Kid Comfort Air & II Child Carriers','49283-280416151103-1700236111.jpg',109,'Made from UV-protective fabric, this Sun and Rain Cover\"\"s flexible construction makes it easy to affix to your Deuter Kid Comfort child carrier (sold separately), and simple to store away when it\"\"s not needed.Weight: 8oz (240g)Size: 10\"\" x 13\"\" x 12\"\" (26cm x 32cm x 30cm)','Durable, quick mounting protection from sun or rain for your Deuter child carrier (sold separately).'),(436,'Forme Longcliffe 0 Road Bike','48878-040416153417-1700236111.jpg',162,'The Forme Longcliffe 0 is their first road bike to use discs, with a high quality complete Shimano 105 11 speed groupset for smooth and accurate shifting, a handbuilt wheelset consisting of sealed bearing polished hubs and Mavic CXP22 rims.Frame and forks complete with mudguard mounts for year-round training and ridingComplete 4ZA Cirrus stealth cockpit gives professional control','Performance alloy road bike from the Derbyshire brand, tested and proven in the Peak District with quality lightweight components making light work of the local hills.'),(437,'Freedom Trail Sollia 4 Inflatable Tent','48562-110316110341-1700236111.jpg',96,'The Freedom Trail Sollia 4 Tent has a simple layout that gives you plentiful headroom, with space for you and your gear.The roomy porch/entrance area is great for a small table and chairs, or just a quick shelter from the rain.It comes with a pump, to inflate the beams.','A basic but roomy tent for four with inflatable beams for poles - set it up in minutes and you\"\"re ready to camp.'),(438,'Hi Gear Zenobia Elite 6 Tent','52935-111016121607-1700236111.jpg',96,'Ideal for family camping, the Hi Gear Zenobia Elite 6 is a spacious 6-person tent with flexible door and bedroom options and room for your gear, your furniture and yourselves.Darkened bedrooms for a more restful sleeping environment  - new for 2017!Dual cable access points  - new for 2017!\"\"Easy Pack\"\" tent bag  - new for 2017!Simple to pitchFully sewn-in groundsheetPre-attached guylinesHanging storage pocketsHi Gear are winners of the \"\"Best Budget Tents\"\" and \"\"Best Family Tents\"\" categories in the Camping and Caravanning Club\"\"s Tent Owner Satisfaction Awards 2017The tent\"\"s wide tunnel style gives you excellent headroom throughout, and the large living space has hanging storage pockets to help you keep your kit organised, and electrical cable access for you to hook up your appliances.','A roomy family tent with generous headroom and plenty of space for you and your gear.'),(439,'Lifeventure Hydroseal Waterproof Phone Pouch','57371-040417172318-1700236111.jpg',108,'With a very durable IPX7-rated, TPU-laminated 420D nylon fabric, the case ensures that anything from an outdoor swimming pool to a desert is protected against. You can use the phone as normal with the touch sensitive window, attach it around your neck with the provided cord lanyard, or to your gear with the lash points.Durable TPU-laminated 420D nylon fabricIPX7 rated - Waterproof up to 1 metre for 30 minutesLash points for portrait or landscape orientationPrevents dust ingressionHeavy duty LocTop closure with additional secure closureAdjustable nylon cord lanyard and cord lock providedRecommended by Ordnance Survey22g weight194 x 121mm, with a 174mm opening','A pouch to protect your phone from the elements - perfect for all sorts of outdoor holidays and activities.'),(440,'LittleLife Big Gruffalo Kids Backpack','45453-091115172432-1700236111.jpg',109,'Perfect for strolls through the deep dark wood, LittleLife\"\"s Big Gruffalo Kids\"\" Backpack will scare away any other monsters.Adjustable shoulder straps allow for those predictable growth spurts, while the zipped entry main compartment has plenty of space for their everyday needs and favourite toys.Top grab handleChest strapInternal name & address tagWeight: 220gCapacity: 4 litresDimensions: 18cm x 22cm x 27cm (7\"\" x 8?\"\" x 10?\"\")Suitable for children aged 3+ yearsComplies with General Product Safety Regulations','He may be scary with his terrible tusks and claws, but he?ll do them no harm when they wear this kids\"\" backpack.'),(441,'OEX Hydra 1.5','47101-120116164928-1700236111.jpg',108,'If you are not too keen on taking a big bag out with you but want to stay hydrated then the OEX Hydra 1.5 is a great choice. The pack comes already integrated with a new 1.5 litre TPU hydration bladder with on/off bite-valve. It has a bungee cord strap on the outside for securing clothing layers you may have discarded. Separate sections within the bag give you room to organise you stuff before setting off.Finally it has a reflective bike light strap to make sure you are seen in low light.Lightweight, mesh shoulder straps that help overall breathabilityChest strap with elastic lung expansion section','A compact lightweight Hydration Pack suitable for days on the trail or cycle adventures.'),(442,'OEX Lynx EV II Backpacking Tent','47393-200116110621-1700236111.jpg',96,'Designed to be the perfect choice for weight concious campers, the OEX Lynx EV II Backpacking Tent is ideal for expeditions, wild camping and cycling/kayak trips.New for 2017, the eyelets on all of the OEX EV range of tents have been changed to a much improved Clasp method, which has now resolved a slight issue that was previously encountered in the original versions.It\"\"s made from a tough, lightweight Nylon 30D / 270T fabric core which has been coated inside with PU (Polyurethane) to aid strength, waterproofing and seam sealing. On the outside there is a SI (Silicone) membrane which provides a flexible but highly water resistant coating that beads and repels water, whilst flexing in heavy windy conditions. The Yunan T6 tent poles are used by many high end manufacturers and, with their Japanese grade Aluminium and bespoke Korean engineering, are made to perform in all conditions whilst maintaining their integrity over many years of use.A new guy line tensioning system utilises an Aluminium OEX ?O? Ring, which is an extremely lightweight but resilient component that lets you easily make adjustments, even when wearing gloves.It comes with strong aluminium stake pegs that won\"\"t weigh you down and, due to the lightweight nature of the OEX EV series, everything packs down into just a single waterproof dry bag. *Please see the info tab for more details on the Yunan poles','A excellent 2 person backpacking tent, built for those who want lightweight performance with a touch of style.'),(443,'OEX Puma II Tent','53056-131016113122-1700236111.jpg',97,'Ideal for individuals or group expeditions, the OEX Puma II is a semi-geodesic dome tent built to cope with the harshest conditions.3 equal length ?Easyglide? poles make pitching simple, while the two entry points help to make it a very practical and robust shelter. One of the entry points has a small storage area for your wet kit.*Please note, the product swing tag incorrectly states that the HH rating is 5000 when it should actually be 4000.','A light and robust tent for one or two adventurers.'),(444,'OEX Vallo 28 Rucksack','45026-271015160621-1700236111.jpg',111,'The OEX Vallo 28 Rucksack is ideal for quick trips out, long days on the trail and outdoor climbing adventures.It has a breathable AirBack ventilation system that\"\"ll keep you cool and dry with minimal friction, and a shoulder and hip strap system that disperses the weight to help minimise fatigue.You can access the main compartment from both the top and side, so you can easily reach all your gear, even if it\"\"s at the bottom of your pack.There are multiple pockets throughout the pack,with dual compression straps either side for greater weight distribution, and double walking pole/ice axe attachment points in case you need your hands free.With rugged ripstop fabrics, high quality components, stress point strengthening and a host of innovative features it truly is built to last and perform at the highest level.Hydration compatible with access points on either sideDurable buckles and zipsClimbing rope securing strapExpanding front jacket pocketTop lid pocketSide entry pocket2 side stretch pockets*Please note, the slightly larger Vallo 35 Rucksack is also now available.','A compact, lightweight and fully featured rucksack which is perfect for alpine climbers and hill walkers.'),(445,'Orbea Avant H70 Road Bike','49559-160516144527-1700236111.jpg',162,'Hydroformed triple butted aluminum frame for lightweight, responsive performanceCarbon fork provides razor-sharp handling while absorbing unwanted road vibrationsEndurance frame geometry ensures lasting comfort on long road ridesShimano Tourney shifting is fast and precise over a full range of 21 gears*Please note, the image shown is for illustrative purposes only. The actual product comes with a black saddle and black grip-taped handlebars.','An accessible entry point into the world of road cycling, this comfortable and easy to ride bike has a wide spread of gears to help with challenging hills.'),(446,'Osprey Atmos AG 65 Rucksack','55876-060217154807-1700236111.jpg',112,'With an AG AntiGravity? suspended backsystem that incorporates the world?s first fully ventilated hipbelt, you?re in a good position to explore anything from the Amazon to the Antarctic; the seamless mesh and 3D cavity back panel provides great breathability for your back alongside its top-notch support.The carrying performance is similarly superb - this bag can be filled to the absolute max and still feel light. This is brought about by ExoForm? Biostretch? harness, load lifter bar and Fit-on-the-Fly? hipbelt, alongside InsideOut? compression. These features innovatively compact your load and distribute its weight, with fantastic results.Though compressed, your gear is easy to access at all times. The twin zippered pockets, base zip and top-lid entry points see to this, ensuring you can always get what you need, when you need it. Likewise, your sleeping bag is stored in a separate compartment, so you always know its location when you want to get your head down after a long day.Externally, the bag is loaded with handy quick-access features and pockets, with Stow-on-the-Go? trekking poles, a detachable raincover and numerous other clever considerations. From ice axe loops to integrated whistles, and a FlapJacket? top cover for using the bag without a lid, Osprey have thought carefully about the necessities of backpacking and trekking.With numerous awards under its belt for its innovations, the Osprey Atmos is both market-leading and game-changing; an extremely well designed backpacking rucksack.Adjustable AG AntiGravity? 3D suspended mesh backsystemAntiGravity? 3D suspended mesh backpanel/hipbeltBase zip entryCompatible with Hydraulics? ReservoirExoForm?/BioStretch? harness with load lifter \"\"bar\"\"External probe and shovel handle sleevesFit-on-the-Fly? adjustable hipbeltFlapJacket? top cover for use without lidIntegrated & detachable raincoverInternal hydration sleeveInternal top load compression strapLight weight peripheral frameRemovable sleeping pad strapsSleeping bag base compartment with internal dividerSternum strap with emergency whistleStow-on-the-Go? trekking pole attachmentStretch mesh side pocketsTop lid accessTwin ice axe loopsTwin zippered easy access front pocketsTwin zippered hip belt pockets','Brimming with innovative features, the Atmos 65 sets a new standard in backpacking.'),(447,'Osprey Exos 48 M Rucksack','52032-160816104152-1700236111.jpg',111,'\"\"A great hillwalking pack for those wanting a combination of low weight and comfort\"\" - Trail Magazine, Best In Test September 2016The Osprey Exos 48 combines size, comfort and clever design in a lightweight rucksack that\"\"s ideal for multi-day treks.Osprey\"\"s Airspeed suspended mesh back panel provides a stable, supported load carrying platform that keeps the load slightly away from your back to allow air to circulate, so you stay cool and dry. The dual-mesh constructed ExoFoam harness and hip belt provides extra stability for a comfortable all-round fit.On the outside of the bag there are plenty of storage solutions - Stow-on-the-Go loops allow you to attach your trekking poles without removing the pack from your back, a side loop lets you easily carry an ice axe, while extra storage comes from zipped hip pockets for small essentials, side mesh pockets for bottles and a front stretch pocket, ideal for keeping wet clothing separate from your other gear.Side straps allow you to compress the bag down when it isn\"\"t full, and the top lid can be removed completely, with a unique Osprey FlapJacket ensuring your equipment is still protected inside.Internal sleeve for hydration systemsRemovable sleeping pad strapsSternum strap with emergency whistle','A unisex hiking pack that skips on weight but not on features.'),(448,'Osprey Ultralight Drysack (12L)','37775-111114144706-1700236111.jpg',108,'Keeping all of your gear organised and protected is a concern wherever you are and whatever you\"\"re doing.Osprey\"\"s ultralight and tough drysacks are made from siliconised ripstop nylon, so you can trust them to keep your kit protected and visible even in the darkest depths of your pack, and let you colour-code your contents for even quicker access.They\"\"re equipped with a fully waterproof roll-top closure, coated fabric and taped seams that keep whatever\"\"s inside dry no matter how wet your pack gets.Unlike other drysacks they are rectangular, which makes for more efficient packing and means that they can stand unsupported when removed from your backpack.What are you waiting for....  make sure your gear is protected!High visibility, with reflective graphic printFully waterproof roll-top closureFully waterproof coated fabric and seamsRectangular shape for efficient packingWeight: 0.04 kgMaximum dimensions: (mm) 400 (l) x 220 (w) x 130 (d)','Protect your gear and keep it organised with fully waterproof, colour-coded dry bags for inside your pack.'),(449,'Raleigh Caprice Ladies\"\" Town Bike','49721-200516122029-1700236111.jpg',164,'The Raleigh Caprice hides modern components and design behind its retro styling.With 7 gears (changed using the easy rotational Shimano Rev shifter) and powerful alloy v-brakes it will get you where you want to go in smooth style.Comfort colour co-ordinated saddleAluminium micro-adjust seatpostColour co-ordinated steel mudguards, chainguard, rear carrierFront wicker style basketTraditional rubber block pedals','An elegant, graceful bike for those who travel in style.'),(450,'Robens Klondike Tipi Tent','54886-040117113710-1700236111.jpg',94,'Robens\"\" Outback tents give families and groups a better, more comfortable and more stylish outdoor experience. The tents have a distinctive look that harks back to the olden days of camping, but they\"\"re made using technical, highly breathable HydroTex? Polycotton fabric with a water repellent treatment and have plenty of customisation options, so their versatility and warm-weather comfort really sets them apart from the norm.The roomy Robens Klondike tipi will comfortably house up to six campers, with retro looks reminiscent of a traditional Scout tent or bell tent.It will keep you dry in heavy rain but won\"\"t get stuffy inside. The groundsheet has a zip that runs from the door to the centre, allowing you to fold it back to create a \"\"wet area\"\" or make room for a tent stove. An elasticated stovepipe port allows the use of a solid fuel stove (like the Denali tent stove), and the adjustable top vent lets you control air circulation.A separately available four-person inner tent  lets you add some cosy privacy, and for an extra-homely feel, try the Klondike Flooring for plush comfort underfoot.Breathable HydroTex? Polycotton fabricGroundsheet part unzips to centre and folds backAdjustable top vent protection for good air circulation in all weathersOptional four-person inner tent and plush carpet availableGuyline retainers make pitching and packing simpler','A smaller tipi tent that will sleep six campers in roomy, stylish comfort.'),(451,'Shimano WM53 Women\"\"s Off-Road Sport Cycling Shoes','49326-030516173052-1700236111.jpg',194,'3 durable hook & loop straps spread tightening force across the top of the footCross X Strap alleviate pressure when off the bikeTough, stretch-resistant synthetic leather and meshFibreglass-reinforced nylon sole with polyurethane lugsArch pad for un-clipped stability, Mud-shedding outsole lugs allows mud debris to fall through','Tough and comfortable women\"\"s-specific cycling shoes with a secure fit.'),(452,'TFGear Airflow Bivvy (2 Man)','57646-130417123029-1700236111.jpg',99,'Erected in under one minute using tough, puncture-resistant ?air poles?Rock solid in the windiest conditionsTough, durable all-season protection - will withstand years of use100% waterproof nylon, built in heavy-duty groundsheetSet to revolutionise carp fishing shelters, The TF Gear Airflo Bivvy uses quick inflate ?air poles? instead of conventional metal poles making set-up very quick and easy. The strong, rigid ?air poles? will remain firm and unmoving in the most extreme conditions (in tests the Airflo has proved to be at least as stable as any conventional pram hood bivvy) - just pump them full of air (quick action pump provided) and you have a rock solid, super stable bivvy in about a minute! ','An \"\"inflatable\"\" bivvy that uses air tubes in place of poles. Set it up in one minute and you\"\"re ready to fish!'),(453,'Vango Icarus 500 Deluxe Tent','31568-210114165058-1700236111.jpg',98,'The Vango Icarus 500 Deluxe\"\"s combination of space, flexibility and simplicity keep it popular with anyone looking for a weekend tent for family camping or festival visits. Now with more sleeping space, larger windows and adjustable low level ventilation, the Icarus 500 keeps evolving and improving. Pitching is a breeze - the Powerflex fibreglass poles slide through the heavy duty pole sleeves and are easily secured with a ring and pin system, allowing you to erect and collapse the tent \"\"as-one\"\" and keep the inner tent dry. In windy conditions the Vango Tension Band System makes the Icarus more sturdy and stable against gusts or knocks.The outer is waterproof Protex 4000 polyester with taped seams to prevent leaks, and the fully sewn-in groundsheet is a simple solution for keeping out draughts and creepy crawlies. The enormous front porch is great for storing gear, furniture, bikes etc, and the new larger windows give great all-round visibility and let in lots of light. The side mesh door on the Vango Icarus 500 allows for insect-free ventilation, and the parallel-zip front door can be extended out as a canopy using awning poles (not included).Front and rear venting and a breathable inner keep you comfortable inside, and \"\"comfort colours\"\" (darker over the bedroom) mean there\"\"s no rush to get out of the tent on those bright mornings.It comes with an oversized handled carry-bag that makes packing away simple.Easy pitch tunnel style, pre-attached guylines, sewn-in groundsheetFully wind & rain testedCable entry with cable tidies, hanging storage, reflective webbing, easy-find inner clipsVango AirZone ventilation2 full mesh doors, detachable flexible inner divider, part mesh inner doors','A roomy and easy to pitch base for 5 campers or festival-goers.'),(454,'Vango Nadina 600 Family Tent','31573-220114144018-1700236111.jpg',94,'Vibrantly coloured, very roomy and simple to pitch, Vango\"\"s Nadina 600 is a 5-pole tunnel tent with a pre-attached front extension that gives you extended shelter for relaxing or dining, and a large covered storage area too.The huge internal living area and flexible bedroom compartments (which can be separated with a zipped divider) allow for the sleeping and storage options of your choice.Well ventilated due to Vango\"\"s AirZone design, the Nadina 600 has breathable polyester \"\"Lights Out\"\" inner tents which remain dark even in sunshine, so you won\"\"t be rudely awakened by a hot, bright sunrise. All the entrances have a mesh door allowing ventilation on warm days and nights, while keeping flying insects outside.It pitches quickly and simply, with the flysheet and inner together.  The Protex 70 Denier polyester flysheet is highly waterproof, durable and reliable so will keep you dry and comfortable whether you\"\"re in a downpour or a humid spell.The pocketed pelmet at the front gives you additional storage space, hides the inner tent attachment points, and helps reduce drafts. You also have the option  of \"\"wardrobe\"\" inner tents - a removable hanging pole lets you hang clothes, remove it and you have a bedroom again!As well as comfort, you\"\"re ensured stability due to Vango\"\"s pre-angled pole sections, which create more internal space than with a standard arch, and brace very effectively against side winds.And why not make your camping experience even more homely, by adding underfoot comfort and protection with the Nadina 600\"\"s optional carpet  and footprint.Breathable polyester inner tent- the fabric allows condensation to pass through, ensuring a comfortable nights sleepColour Coded Poles for more intuitive pitchingDuraflex buckles and zip pullers - renowned for strength, quality and reliabilityConveniently positioned inner tent pockets store snacks, torches or electronicsLightweight and low bulk inner tent ground sheet - perfect for sleeping and packing\"\"Line Lok\"\" patented guyline runners lock securely, release simply and perform in all conditionsGuy lines attached at optimum positions for stability and tension (with handy guy line holders)All flysheet and groundsheet seams are factory taped, giving a water tight sealSimple Zip-down curtains allow for varying levels of opening, fit to the flysheet with no gaps and simply roll into a pocket - no more rolling up fiddly curtains!Large Diamond Clear PVC windows for maximum light and great visibilityReflective webbing picks up torchlight, easily visible in darknessWeather tested to the European standard EN5912, in a certified wind and rain test centre.Zipped entry point with hook and loop tidies for electrical cablesLantern hanging point in the living areaLuxury roller bag - takes the burden out of moving the tentVango AirZone: high and low level ventilation panels combine for a comfortable flow of air throughout the tentWardrobe inners- Inner tent with a removable hanging pole for hanging clothes. Can also be used as a normal inner tentSewn-in groundsheet, \"\"Skylight\"\" roof','An enormous family tent with ample space to store your gear, relax, dine and sleep in total comfort.'),(455,'Vango Tempest 200 Tent','31375-100114165143-1700236111.jpg',98,'The Vango Tempest 200 is a lightweight, roomy and sturdily constructed tent, suitable for quick camping in fair or trying conditions.This 2014 version has a re-designed single flysheet door, to provide a greater porch area for gear storage or cooking.The waterproof Protex HC polyester outer, breathable inner with part-mesh door and Venturi Vent System all combine to keep you comfortable inside. Reflective webbing and colour-coded Powerlite alloy poles make it simple to pitch and easy to find, and the multi-function door (2013 version) can be opened to the left or right, or even rolled away completely for full porch access.The unique \"\"TBS II\"\" internal bracing system means the tent will stay reassuringly stable in harsh weather, with the completely waterproof polyester inner groundsheet will act like a bathtub even if the ground around you starts turning into a stream.The whole thing packs easily and quickly into a small compression stuffsack, and comes with a repair kit should you have any mishaps.','A lightweight, packable and robust tent, comfortable for one person but room for two if needed.'),(494,'Alcedo Traveller Jet Tele Spin Rod [240]','36945-0110141638221864066769.jpg',147,'It has a separate high grade cork handle/ with top range SIC guides and titanium coated stainless steel frames.It\"\"s a great rod for taking on holiday without incurring excess baggage charges - you can use the 240 for spinning for Pike as well as at sea/ or beach spinning for bass/ pollack or any tough fish abroad.The 240 casts to 5-20g for light/medium spinning work.Comes with practical rod case for ease of transport in a suitcase.Length: 240cm [39.5cm when closed]10 sectionsWeight: 130gAction 5 - 20','The Alcedo Traveller Jet Spin Rod boasts a very short closed length/ with perfect action for light and medium spinning.'),(495,'Abu Garcia Diplomat Spinning Rod [8ft/ 4-piece 10-25g]','34345-220414135606-1700236111.jpg',147,'High quality 24 ton graphite construction/ wooden reel seat/ finished with an attractive cork handle and an SS304 guide system. Material: 24T Carbon with cork handleSS304 guides4 sectionsLength: 8ft [2.43m]Power: 10 - 25gML actionWeight: 175g','A four-piece rod that\"s easy to travel with/ supplied in a protective Cordura tube.'),(496,'Ron Thompson EPV2 Spin Rod/ 8ft/ 10-30g','27262-250313161044-1700236111.jpg',147,'The Ron Thompson EPV2 Spin Rod has a FPS graphite reel seat/ EVA handle and quality guides all built onto a lightweight composite blank.Length: 8\"\" / 240cmWeight: 275gCasting Weight: 10-30gTravel length: 125cmSections: 2','A very lightweight 2-section spinning rod.'),(497,'NGT Drop Shot Rod & Reel Combo','52562-150916135716-1700236111.jpg',147,'','A carbon 7ft/ 2pc drop shot rod/ size 20 reel pre-loaded with 10lb and ready to fish drop shot rigs - everything you need to get straight onto the bank!'),(498,'Hardwear Freerunner Deluxe Reel [15lb - 230yds]','41829-010615145006-1700236111.jpg',148,'The Hardwear Freerunner Deluxe is a double-handled reel with a multi-disc front drag system/ a baitrunner facility and variable free-spool function.It\"\"s ideal for carp/ specimen coarse fish and even spinning.The line-lay is superb thanks to slow spool oscillation and the Freerunner?s ultra smooth line roller bearings.Lightweight super strong bodyPrecision engineered gearsTop quality line layLong cast spoolInstant Free spool3 + 1 High impact ball bearingsBalanced double handleMulti disk drag system - reliable and smoothBB 4.5:1','A double-handled reel for the angler looking for a decent entry level purchase.'),(499,'Shakespeare Omni RD 40 Reel','54193-291116111212-1700236111.jpg',148,'','Graphite spool loaded with monoSpare graphite spoolGraphite handleBall bearings + jar: 2+1Line capacity [m/mm]: 205m / 0.28mmGear ratio 5.2:1Recovery 69cmWeight: 290g'),(500,'Shimano HyperLoop 2500 FB Front Drag Reel','18516-251011134316-1700236111.jpg',148,'Turnn the handle and you\"\"ll immediately appreciate the gear quality/ and vibration is almost eliminated by Shimano?s Dyna Balance system.The Hyperloop also incorporates a Power Roller that keeps line twist to a minimum.Designed for all types of fishing such as spinning/ float/ feeder/ or any other light to medium heavy styles.Weight: 220g1 stainless steel bearingLine capacity  [mm/m]: 6-200/8-140/10-120Gear ratio: 65Varispeed:Shimano\"\"s revolutionary\"\"Varispeed\"\" System uses two specially designed gears [one is oval and the other a remarkable square shape!] forr good quality line lay/ giving precise/ long and accurate casting.Power Roller:Significantly reduces line twist during the retrieve/ and is a big advantage when using thin mono and braid.Dyna Balance: Reduces reel wobble/ produces ultra smooth performance.','The Shimano Hyperloop reels feature classical styling/ coupled with high-tech features like the Super Stopper and Varispeed line lay.'),(501,'Abu Garcia Fast Attack Lure 10g [Gold/Black Dots]','31214-231213155726-1700236111.jpg',150,'','A perfectly balanced spinner which spins immediately when it touches the water/ for accurate/ manageable and reliable casts.'),(502,'Abu Garcia Large Floating Jointed Tormentor/ Perch','24054-011012114817-1700236111.jpg',150,'The Abu Garcia Jointed Tormentor is the ultimate version of one of the most famous hard baits in the world. This jointed lure combines the irreplaceable tormentor rolling action with an incredible lifelike swimming action. When this lure is retrieved slowly the predators go crazy!Length: 130mmWeight: 26gColour: PerchQuantity: 1','An irresistible rolling and swimming action makes this lure a hit with all predators'),(503,'Fladen Eco Mini Fat Plugbait 7cm 12.5g Perch','10540-180610111626-1700236111.jpg',150,'',''),(504,'Airflo Delta Classic Fly Rod 9\" 6\" AFTM 7-8','22369-160712130930-1700236111.jpg',152,'The Delta Classic is an award winning Fly Fishing Rod from Airflo. The rod is suited to both experienced and newcomers to the sport and features a fantastic smooth casting action supported by the rod\"\"s lightweight design.The rod is finished in a rich olive design featuring chromed single leg rings and a high quality machine cut reel seat with olive insert.This rod looks fantastic and is great value for money. Recently voted best in test for rods under ?150 in Trout and Salmon magazine.Technology - Mid Modulas Carbon for Easy Loading & High StrengthHandle - Full Wells Cork with Duplon Butt on Rod Over 9\"\" 6\"\"Real Seat - Anodised Aluminium Cut Out with Olive InsertRings - Lined Butt Rings with Single Leg Snake IntermediatesTube - Cordura Tube in Dark OliveAction - Mid/TipWeight - 142gLength - 9\"\" 6\"\"AFTM - #7/8','An award winning Fly Fishing Rod at a great price.'),(505,'Ron Thompson EPV2 Fly Rod/ 9ft/ 6/7','27230-250313103806-1700236111.jpg',152,'The Ron Thompson EPV2 Fly Rod is a lightweight composite fly rod with a comfortable shaped Japanese EVA handle/ screw down reel seat and lightweight snake guides.Length: 9\"\" / 270cmCasting Weight: 6/7Sections: 2Packed length: 139cmWeight: 170g','Basic lightwieght rod/ ideal for the beginner or casual fly fisher.'),(506,'Shakespeare Sigma Fly Rod [9ft]','42704-170615120718-1700236111.jpg',152,'Lightweight carbon blankTitanium Oxide Striper guidesStainless steel single leg guides [SLG]AA quality cork handleFull WellsSupplied in Cordura tubeLength: 2.7m [closed 0.72m]Medium actionWeight: 120g','A four-piece fly rod with slim/ lightweight blanks that comes in a tough Cordura tube bag.'),(507,'Shakespeare Omni Fly Reel/ 6/7wt','29126-080713103322-1700236111.jpg',153,'This lightweight reel is ideal for those learning to fly fish/ and will give many hours of hassle-free use as you pick up the basics of casting and retrieving.Lightweight Polymeric body and spoolLarge Arbour Spool designRight / Left HandCenter Click Drag systemQuick release spoolRating: WF6F - 25lbs/90yds backing',''),(508,'Wychwood FLOW #5 / 6 Spool [Titanium]','28719-170613154223-1700236111.jpg',153,'','Spare spool for the Wychwood FLOW fly reel.'),(509,'Shakespeare No.8 Stillwater Lure Fly Selection','13714-171210153814-1700236111.jpg',155,'Selection of 6 stillwater lure flys/ all with number 8 hooks.Cats Whisker StandardBlack GrowlerOrange Straggler TaddyHumongous Black & SilverOlive NomadWhite Dancer',''),(510,'Shakespeare Number 9 Boobies Fly Selection','175177_633831836139240000-1700236111.jpg',155,'Perfect for varying climates when you need to entice in various breeds/ these boobies style of lure can attract many fish in a short time space. With a fly hook size of 10/ the pack includes:Cats Whisker Fritz CoralOrangeCats Whisker Long TailVivaPinkAn excellent/ inexpensive fly selection.',''),(511,'Shakespeare Number 12 Buzzers Fly Selection','175172_633826549043895000-1700236111.jpg',155,'Perfect for trout anglers/ these buzzers have been designed in a variety of shades to help hook your next big catch!In a fly hook size 12 there is theBlack Glow BuzzerOrange Glow BuzzerOlive CrystalRed CrystalBlackOlive','Shakespeare Fly Selection Number 12 Buzzers'),(512,'NGT Stiff Rig Wallet with Pins','29358-220713162823-1700236111.jpg',161,'A green 24 pin stiff rig wallet that is ideal for storing ready tied hair rigs. Made from durable 600D polyester with PVC backing.Size: 29 x 14 x 4cm',''),(513,'Leeda Tool Case Box System','36639-160914144412-1700236111.jpg',161,'Made from impact resistant plastic with saltwater resistant clips and fittings/ the Leeda Tool Case Box System includes 3 large lure/tackle boxes with removable dividers for smaller tackle items and accessories. The top compartment will hold large reels and bigger items like tools/ your flask or your lunchbox.The fully adjustable/ detachable shoulder strap makers carrying the box very easy and comfortable.Dimensions: H320mm x W360mm x D210mm [420mm width including extra parts to hold tools]','A useful storage and transit solution for any angler.'),(514,'TFGear Compact Commercial Workstation','21732-220512104954-1700236111.jpg',161,'The TFGear Compact Workstation is a multifunctional masterpiece. It firstly stands as an extremely useful and spacious carryall/ consisting of a large main compartment for all your storage needs. It then works as a bivvy table/ bait station/ along with an internal tray for all your bait pots and a rig box for ready tied rigs.There is a large front pocket to store an accessory box and room for additional tackle. To finish it off nicely/ there are two fold away side tables for that extra space when needed.A must have tool for the job.Strong lightweight frameFolding side shelvesPadded shoulder strap and carry handlesDurable materialMultiple storage areasInternal TrayAlso supplied with    4 x glug pots    3 x accessory Boxes    1 x stiff rig box','The Compact Workstation does it all'),(515,'NGT 42\" Specimen Net with Dual Net Float System','43257-160715144909-1700236111.jpg',160,'The NGT 42\"\" Specimen Net with Dual Net Float System takes all the effort out of handling your landing net whilst also playing specimen fish.The net balances perfectly on the water with the end slightly subdued - no more struggling with heavy nets in one hand and a rod in the other. It also features a metal spreader block.','Ideal for all specimen situations and especially at night - no more struggles with your hands full.'),(516,'Leeda Magnetic Scoop Net','22076-140612130233-1700236111.jpg',160,'Always at hand when you need it most/ the Leeda Magnetic Scoop Net has a belt clip and strong magnetic quick-release for easy use and carrying.The soft netting is fish-friendly and a finer mesh is used in the center panel so you can also skim for natural flies.',''),(517,'Mustad 32601NP-BN Aberdeen Match Hook/ Size 1/0/ pack of 7','28784-200613161646-1700236111.jpg',158,'A pack of 7 barbed/ carbon steel Aberdeen Match hooks. Good for use when targeting flatfish.',''),(518,'Sasame F-983 Hokori-Nickel Hooks [size 10/ pack of 16]','42966-290615140548-1700236111.jpg',158,'Sasame F-983 Hokori-Nickel Hooks are perfect for fishing very fine delicate baits for mid-water species like Mackerel/ Garfish/ Bream and Scad.They\"\"re very lightweight and have an extremely fine and sharp point/ made of fine gauge carbon and they\"\"re incredibly strong/ even when fighting gilt head bream. Their flattened forged spade is really strong and has good hold for your snelling/ and the long shank allows for good bait presentation and needlepoint sharpness for better hook penetration & strong hook hold.','Ideal spade end hooks for small & large species-bream/ wrasse/ mackerel & garfish.'),(519,'Prologic Spectrum FC Stiff D-Rig Hook [15cm/15lb/C3/Size 6]','46182-041215123958-1700236111.jpg',158,'',''),(520,'Prologic XC3 Barbed Hook/ Size 6','28174-230513133149-1700236111.jpg',158,'A pack of 8 top quality matt-finish/ High Carbon steel Japanese hooks with chemically sharpened points. Supplied in a rigid box and mounted on EVA foam to prevent damage and preserve their sharpness.',''),(521,'Vango Tent Carpet for Icarus 500 Deluxe','19344-1901121444461864066769.jpg',104,'A comfortable and durable carpet/ made to fit the living area of the Vango Icarus 500 Deluxe Tent.Vango\"\"s woven nylon carpets incorporate a foam middle layer and a waterproof/ non-slip PE base to form the perfect companion to your Vango tent. They add comfort and insulation/ and help to protect the floor of your tent from wear and tear/ inside and out.Bring indoor luxury to the outdoors when you camp.','Add warmth and softness underfoot and help to prolong the life of your tent.'),(522,'Hi Gear Zenobia Elite 6 Carpet','31895-260214141412-1700236111.jpg',104,'Designed to fit the living area of your Hi Gear Zenobia Elite 6 Tent/ this carpet adds a touch of luxury/ insulates from the cold ground/ and gives you a more homely feel.It\"\"s warm and comfortable under your feet/ and has a waterproof backing so you\"\"re protected from cold and dampness.240cm x 240cm','Add warmth and comfort underfoot/ to your Hi Gear Zenobia Elite 6 Tent.'),(523,'Quest 5 Pole Windbreak','28661-130613102256-1700236111.jpg',102,'Brightly coloured polythene fabric and wooden poles/ the classic windbreak for at the beach on on the campsite. 152 cm x 240 cm approx.','A cheap and cheerful windbreak to protect you from windchill and give some privacy.'),(524,'Quest 5-Pole Family Windbreak [Green Stripe]','27676-180413151544-1700236111.jpg',102,'Made from a non woven fabric/ with wooden poles and metal spikes and end caps/ the Quest Family Windbreak is useful on the campsite/ at the beach or at a festival.Use it to block wind and provide shelter/ or as a partition between you and your neighbours at the campsite.It comes with an awning rail attachment so you can attach it onto your caravan awning rail.Wooden PolesMetal End CapsMetal SpikesAwning Rail AttachmentLightweightNon-Woven Fabric5 x 20mm diameter polesSize: 123cm high x 345cm wide','A quality windbreak that comes with a caravan awning attachment.'),(525,'Raleigh U-Lock & Cable','57439-050417134031-1700236111.jpg',171,'Raleigh\"\"s U-Lock & Cable set is designed to give you peace of mind when securing your bike.The u-lock uses a quattro bolt locking mechanism which provides superior strength and maximum pull resistance/ locking the cross bar to the shackle on 4 sides. While the user friendly/ pick/ pull and drill resistant onguard z-key cylinder/ featuring bumpblok/ deters would be theives and helps guard against physical attac.Massive 14mm ultra hardened steelShackle provides maximum cut resistanceQuick release multi-position mounting bracketUltra-hardened reinforced crossbarAnti-rattle bumpersIncludes laser cut keys230mm x 14mm u-lock120mm x 10mm heavy duty extra flexible steel cable','A superb security set for your bike/ comprising of a strong u-lock and a heavy duty flexible cable.'),(526,'Compass Combination Cable Lock','48740-290316151306-1700236111.jpg',171,'This fantastic combination lock has 100/000 different combination variations/ and with ergonomic dials for easy use/ inputting the right combination has never been easier. 180 cm flexible coil cable offers a compact lock solutionComplete with mounting bracket so you can attach the lock to your bike5 tumblers give up to 100/000 possible lock combinationsTwisted steel cable provides sturdy securityTough vinyl coating protects your bike from any scratches when in useWeather resistant construction means you can use this lock in all conditionsComes complete with instructions','A flexible 180cm twisted steel cable with built-in combination lock.'),(527,'Scosche boomBARS Wireless Speaker for Bikes','45283-041115152408-1700236111.jpg',182,'Listen to Ride Of The Valkyres whist descending a monster downhill with the Scosche boomBARS Wireless Speaker.  A great little portable media speaker with a unique mounting system that allows you to easily attach to nearly any bike handle bars and when you arrive take the music inside with you.It is compact/ lightweight rugged aluminium housing measures in at just under 2.5\"\" tall and less than 2\"\" wide.It is possible to connect multiple speakers for better sound so you can enjoy an improved listening experience while watching a movie/ playing a game or watching a video.Rotating mount allows you to aim the speaker for optimal audio performance.Battery:  Rechargeable lithium-ion battery provides up to 5 hours of continuous music playback. In The Box: Also includes an audio/USB charging cable and travel pouch.Sound: 35MM Speaker [2W 35mm drivers] that produces 360° of sound.Wireless Range: 30 feetDimensions 45mm x 56mm','A great little portable/ wireless speaker that will keep to keep you entertained on your ride.'),(528,'Avenir Handle Bar Cycling Bag','137766_633717741518906250-1700236111.jpg',182,'An 8 litre capacity/ tough 600 Denier diamond-weave nylon bike bag/ with a quick-release fitting system for easy fitting and removal from the handlebars of your bike.It features many internal pockets/ and side pockets for additional storage.The reflective trim and LED loop help your visibility in the dark/ and it also comes with a high-vis rain cover.It also has a map pocket and GPS security pocket/ and the external zips are waterproof to protect your belongings','Avenir HandleBar Bag/ Quick Release:'),(529,'Black Diamond Ice Screw Up','8924-160310145323-1700236111.jpg',204,'Lightweight pouch for ice screwsSnag free slotsZippered mesh area for capsSecure buckle closure','Simply designed to hold ice screws.'),(530,'Black Diamond Express Ice Screw 22cm','183696_633930349716151250-1700236111.jpg',204,'Your ice screw needs to be fast fixing and with great levels of visibility.Designed by Black Diamond/ these ice screws are perfect for an ergonomic fit and quick placement. Crank knobs with a 360 degree motion make these an excellent choice if you need a quick insertion with minimal fuss/ whilst colour coding makes sure locating your screw/ even in blizzard conditions is an easy feat.Stainless steel hangers with two clip points create a fantastic load bearing style/ for peace of mind on the climb/ and at 16cm in length/ in the middle range of the screw spectrum/ this is the perfect antidote to thick/ compacted ice. Features: Large Crank KnobsColour Coded22cmQuick PlacementEasily Stored','Black Diamond Express Ice Screw- 22cm'),(531,'Grivel G1+ Ice Axe','25189-271112091825-1700236111.jpg',206,'Engineered with all the key characteristics their other axes/ the Grivel G1+ Ice Axe offers top performance in a pared down package. The one piece hot forged head is designed to provide an optimum strength to weight ratio so it won\"\"t let you down/ or weight you down/ when it matters. The head itself incorporates a sturdy adze for digging belays and stances/ with a classic neutral pick on the reverse for harder climbing and self-arrests.    The G1 features a CEN-B rated shaft with clip-able spike and natural rubber hand grip/ and comes with a sprung leash and locking clip. Weight: 475g','Lightweight classic walking axe. Ideal for general alpine travel/ winter walking and classic snow climbs.'),(532,'Petzl Quark Ice Axe with Hammer [50cm]','18736-141111150348-1700236111.jpg',206,'The Petzl Quark Ice Axe is a technical ice climbing tool for vertical and mixed ice climbing. This version comes with a removable hammer fitting for driving in pitons.The Quark is smooth and balanced; the interchangeable ICE T pick is tapered to 3mm for excellent penetration in all ice types/ and is shaped for stable hooking on both rock and ice. The griprest increases climbing comfort and makes it possible for leashless climbing/ and you can also add the Trigrest for even greater flexibility with one or two hands.The Quark is designed for serious ice climbers or those who want to advance onto vertical ice climbs. Curved geometry for a full reachStripped weight: 460gFull weight: 550gT Ice pick included - designed for maximum efficiency and penetration in all types of iceHammer attachment includedSteel spike point for piolet-canneCan be used leashless with the Griprest or Trigrest','Technical ice axe for mountaineering and ice climbing.'),(533,'Black Diamond Raven Axe [with grip and leash]','22830-150812110227-1700236111.jpg',206,'This elegant Black Diamond Raven Ice Axe has a pared down single piece head with adze and classic pick for arresting and belay construction. The slender aircraft aluminium alloy shaft provides the necessary support for walking and negotiating moderate snow slopes yet drives easily into all but the hardest snow packs.     The Raven is equipped with a Slider Leash that helps prevent it disappearing down the mountain as well as providing extra support when engaged in pick work. To further assist when things get technical there is also a dual-density grip at the base of the shaft.With CEN-B certified construction and a carabiner compatible eyelet in the head the Raven is the ideal too for glacial and general mountain travel. ','One of the lightest classic ice axes available/ ideal for glacial travel/ easy mountaineering and winter walking.'),(534,'Climb X Crux Climbing Shoes','30594-301013155420-1700236111.jpg',222,'The Climb X Crux is a unisex climbing shoe that\"\"s suitable for all styles of climbing.They\"\"re made using a durable suede upper/ with an odour-resistant & anti-bacterial hemp lining.Its \"\"X Factor\"\" rubber sole gives excellent grip/ and the \"\"To-the-toe\"\" lacing lets you get a precise fit','A well fitting/ grippy shoe for all types of climbing.'),(535,'Evolv Spark Men\"s Climbing Shoes','48790-310316154201-1700236111.jpg',222,'Made using high quality leather and lined with 3-D Air Mesh in the heel and tongue/ Evolv Spark Climbing Shoes are extremely comfortable and supportive.Their \"\"Enhanced Arch Support\"\" [EAS] technology builds arch structure directly into the outsole/ providing midfoot comfort and support.Built on a newly designed lastMade of high quality leatherProfile: Semi-asymmetricalSole: 4.2 mm TRAX? high friction rubberRand: VTR rand [thicker at toe]Upper: LeatherLining: Unlined leather forefoot/ nylon footbed/ partially lined 3-D Air MeshMidsole: MX-P: 1.0 mm full-lengthTRAX? high friction rubber is formulated to be the highest performing rubber on the market. TRAX? has a perfect balance of high friction and edging power on different types of rock and plastic holds while performing consistently over a wide range of temperatures.','Leather climbing shoes that give the perfect balance of comfort/ support/ and durability.'),(536,'Boreal Diabolo Men\"s Climbing Shoe','55601-240117155937-1700236111.jpg',222,'Boreal\"\"s Diabolo Climbing Shoe has been re-shaped for 2017 to give you even more confidence/ whether taking you\"\"re first steps or a seasoned pro.It\"\"s built around a new last which gives you a low profile/ precision toe shape/ along with a close fitting heel and increased tension at the rand.The high quality split leather and synthetic microfibre upper has an integrated tongue and a double strap closure/ which works with the slim heel to ensure a snug/ secure and comfortable fit.They provide the ideal blend of edging support and long-lasting friction/ all due to the medium stiffness midsole that\"\"s been paired with the sticky and durable Zenith Quattro rubber outsole.Split leather and microfibre upperFast double strap closure systemSpecial anti-deformation/ slip-lasted midsoleUltra sticky BOREAL? Zenith Quattro outsole [4-4.5mm thickness depending on size]Suitable for use indoors or outdoors/ routes or bouldering','A precise yet forgiving shoe that\"s extremely versatile and proves to be a great compromise between comfort and performance.'),(537,'La Sportiva TX4 Approach - Man','55526-190117173950-1700236111.jpg',222,'TX4s combine a durable and stylish leather construction with a lightweight/ comfortable feel. Particular emphasis has been placed on the grip/ comfort and protection that the shoe provides/ with a \"built to last\" outlook that can take you right up to the base of the wall.The STB Control System? provides structure and torsion stability/ and there is fantastic abrasion resistance brought about by the PU TechLite all-around rand. The Vibram MegaGrip sole with climbing zone at the toe and Impact Brake System to the rear provide you with excellent coverage on technical terrain/ and the lacing system regulates tension and internal volume with simple functionality.Shoes for speed/ safety and comfort across a range of routes. Suede leather upper / with protective 1/5 mm PU TechLite rand and rubber toe for extra protectionMesh liningShock absorbing/ injected EVA midsoleOrtholite Approach 4 mm footbedMega-Grip Vibram sole with Impact Brake System and climbing zone at the toe.Patented mythos lacing system380g per single/ size 42 shoe','Built for everything from approach routes to hikes and via ferrata/ the TX4 shoes are perfect for the versatile mountaineer.'),(538,'Black Diamond Wiz Kid Children\"s Climbing Harness','38870-260115102155-1700236111.jpg',212,'The Black Diamond Wiz Kid boasts Dual Core Construction/ which uses two slim bands of high-tensile webbing on the outer edges of the waistbelt and a venting OpenAir foam insert in the center for breathable/ lightweight comfort without pressure points.Black Diamond\"\"s \"\"trakFIT\"\" leg loop adjustment system means that the harness can grow along woth your kids! It uses a simple slide adjuster to quickly and easily adjust the diameter of the leg loop/ giving you a wide range of fit. ','A decked-out kids harness with all the comfort/ ventilation and durability of Black Diamonds adult harnesses.'),(539,'Black Diamond Primrose Women\"s Harness','38931-260115165230-1700236111.jpg',212,'The Black Diamond Primrose Harness is popular with all-around female climbers who don\"\"t want to waste time fiddling with leg loops and adjusting a pinching waistbelt.It features four gear loops/ trakFIT-adjustable leg loops and an ultra-comfortable waistbelt.The pre-threaded \"\"Speed Adjust\"\" waistbelt buckle saves time and eliminates error when tying in/ while Dual Core Construction [see below] keeps you comfortable even when you?re posted up at a hanging belay.TrakFIT leg-loops are easily adjusted for cool autumn days at the crag or blazing summer days on long multi-pitches/ and four pressure-moulded gear loops and a haul loop give you many carrying options.Pre-threaded \"\"Speed Adjust\"\" waistbelt buckleBullhorn-shaped waistbelt built using Dual Core ConstructionPatent-pending trakFIT adjustment for easy leg loop customizationAdjustable rear elastic riserFour pressure-molded gear loopsHaul loopWeight :   350 g [12 oz]','Black Diamond\"s most popular women\"s climbing harness for all-around use.'),(540,'Petzl Corax Harness','57772-200417145837-1700236111.jpg',212,'Durable enough to allow for both summer and winter activities/ the Corax Harness has features that provide for everything from comfort to organisation.Its FRAME technology distributes weight between the very well designed waistbelts and leg loops/ and each of the pressure points are lined with soft fabric. DoubleBack buckles allow for easy adjustments to be made/ so you can be sure that the Corax always works with your body shape.On top of being very sturdy and comfortable/ the Corax also allows you to stay organised/ whether you?re at your local climbing spot or halfway up a mountain. Two rigid front equipment loops and two flexible/ high-capacity loops in the back allow for easy access to gear without digging in a pack/ and there is also scope for using it alongside CARITOOL EVO/ if you?re using ice screws.Whatever your experience level or climbing style/ you?re in safe hands with the Corax Harness.Durable construction for summer and winter activitiesWaistbelt equipped with two DoubleBack buckles which easily adjust and center the harness/ keeping the equipment loops in optimal positionAdjustable leg loops allow easy adjustment of the harness to different body types and clothingTwo rigid front equipment loopsTwo flexible/ high-capacity equipment loops in back for carrying all necessary equipment without interfering with a backpackAccessory loop in rear centerCompatible with CARITOOL EVO for transporting ice screwsFRAME Technology design allows the weight to be distributed between the waistbelt and the leg loopsPressure points lined with soft fabricSpecificationsMaterial[s]: high-strength polyester webbing/ closed-cell foam/ polyesterCertification[s]: CE EN 12277 type C/ UIAA65-96cm waist belt48.5-59cm leg loops','Versatile/ durable and user-friendly'),(541,'Mammut El Cap Climbing Helmet','20140-130312155031-1700236111.jpg',213,'Ideal for both rock climbing and mountaineering/ the popular Mammut El Cap Helmet\"\"s hybrid design uses a hard outer shell and dual density EPS inner for a great blend of durability/ weight saving and impact protection. The addition of a compact visor will be welcome when the sun is blazing or the rain is pouring. The headband not only adjusts in diameter but also in height to give a precise fit.','An all-round climbing helmet with an innovative design.'),(542,'Grivel Salamander 2.0 Helmet','56030-090217170413-1700236111.jpg',213,'With a strong outer shell constructed using ABS to protect against penetration/ Grivel\"\"s Salamander 2.0 is the ideal choice for all types of climbing. The inner layer uses shock-absorbing polystyrene foam and the helmet has extremely efficient air circulation/ providing superb comfort and protection. One size [54-62]/ can be regulated to fit once the helmet is onAdjustment system tucks into the helmet for compact storage in your pack or haul bagMaterial: Polystyrene Foam ABSWeight: 385g','A strong helmet with a great level of adjustment/ designed for alpine/ rock/ and ice climbing.'),(543,'Camp Armour Junior Helmet','29621-080813141823-1700236111.jpg',213,'The Camp Armour Junior Helmet is a hybrid design/ combining the traditional hardshell with expanded plastic foam for a great balance of weight and protection.Includes the same features and styling as the adult version/ so it\"\"s ideal for kids who want a \"\"proper\"\" helmet. The wheel based sizing system at the back makes it very easy to get the best fit.Kid\"\"s specificHybrid constructionRotating size adjustment wheelComfort chin strapHeadlamp compatibleUIAA 106 / EN 12492 certifiedSize: 53 - 61 cm [21\"\" - 24\"\"]Weight: 310g [10.9oz]','Smaller version of this popular climbing and mountaineering helmet.'),(544,'Mammut 5er Pack Bionic Express Set','57516-060417111851-1700236111.jpg',218,'Mammut\"\"s 5er Pack Bionic Express Set gives you 5 practical/ high-end straight gate/wire gate quickdraw carabiners/ providing sturdy/ fast support that won?t freeze.Breaking load lengthwise: 25kNBreaking load across: 10kNBreaking load open: 10kNWeight: 90g [per piece]','A set of light/ yet extremely strong and durable/ quickdraw carabiners.'),(545,'Mammut Crag Express Set 10cm Quickdraw','35986-280714143342-1700236111.jpg',218,'Featuring a straight gate at one end and a bent gate at the other/ the stylish Mammut Crag Express Set 10cm Quickdraw is very robust and user-friendly.The wide-narrow-woven 10cm sling is extremely durable and very easy to hold.Weight: 111gBreaking load lengthwise: 24kNBreaking load across: 8kNBreaking load open: 8kN','The ultimate quickdraw for ambitious sports climbing.'),(546,'Camp Orbit Express KS 6 Pack Quickdraws','58196-020517162421-1700236111.jpg',218,'Durable and versatile/ the Orbit Wire Express KS 11cm Quickdraws also benefit from a lightweight/ safety-oriented design and user-friendliness.With a smooth gate action and  a convenient/ functional and practical size/ it is an ideal choice for any kind of climbing/ and the 16mm polyester dogbone is particularly thick and strong.The dogbone comes equipped with Camp\"\"s proprietary Karstop Evo carabiner retainer to prevent rope-shift.The perfect entry-level draw for all-around climbingEquipped with 2 updated Orbit Wire carabiners22kN dogbone','A pack of entry-level quickdraws for all-around climbing.'),(547,'North Ridge K1S Alpha Solidgate Quickdraw/ 11cm','27003-150313102424-1700236111.jpg',218,'Designed by Grivel for North Ridge/ this Alpha K1 Quickdraw uses a solid straightgate and solid bentgate karabiner joined by an 11cm sewn-through Dyneema sling.','A solid gate quickdraw with a short Dyneema sling for faster/ easier clipping.');
/*!40000 ALTER TABLE `items` ENABLE KEYS */;
UNLOCK TABLES;

--
-- Table structure for table `newitems`
--

DROP TABLE IF EXISTS `newitems`;
/*!40101 SET @saved_cs_client     = @@character_set_client */;
/*!40101 SET character_set_client = utf8 */;
CREATE TABLE `newitems` (
  `itemId` int(11) NOT NULL,
  `startDate` date NOT NULL,
  PRIMARY KEY (`itemId`),
  CONSTRAINT `newitems_ibfk_1` FOREIGN KEY (`itemId`) REFERENCES `items` (`id`)
) ENGINE=InnoDB DEFAULT CHARSET=latin1;
/*!40101 SET character_set_client = @saved_cs_client */;

--
-- Dumping data for table `newitems`
--

LOCK TABLES `newitems` WRITE;
/*!40000 ALTER TABLE `newitems` DISABLE KEYS */;
INSERT INTO `newitems` VALUES (345,'2017-01-01'),(425,'2017-05-01'),(427,'2017-05-01'),(440,'2017-01-01'),(446,'2017-05-01'),(451,'2017-01-01');
/*!40000 ALTER TABLE `newitems` ENABLE KEYS */;
UNLOCK TABLES;

--
-- Table structure for table `orderitems`
--

DROP TABLE IF EXISTS `orderitems`;
/*!40101 SET @saved_cs_client     = @@character_set_client */;
/*!40101 SET character_set_client = utf8 */;
CREATE TABLE `orderitems` (
  `orderId` int(11) DEFAULT NULL,
  `itemId` int(11) DEFAULT NULL,
  `sum` decimal(20,2) DEFAULT NULL,
  KEY `orderId` (`orderId`),
  KEY `itemId` (`itemId`),
  CONSTRAINT `orderitems_ibfk_1` FOREIGN KEY (`orderId`) REFERENCES `orders` (`id`),
  CONSTRAINT `orderitems_ibfk_2` FOREIGN KEY (`itemId`) REFERENCES `items` (`id`)
) ENGINE=InnoDB DEFAULT CHARSET=latin1;
/*!40101 SET character_set_client = @saved_cs_client */;

--
-- Dumping data for table `orderitems`
--

LOCK TABLES `orderitems` WRITE;
/*!40000 ALTER TABLE `orderitems` DISABLE KEYS */;
/*!40000 ALTER TABLE `orderitems` ENABLE KEYS */;
UNLOCK TABLES;

--
-- Table structure for table `orders`
--

DROP TABLE IF EXISTS `orders`;
/*!40101 SET @saved_cs_client     = @@character_set_client */;
/*!40101 SET character_set_client = utf8 */;
CREATE TABLE `orders` (
  `id` int(11) NOT NULL AUTO_INCREMENT,
  `orderDate` date NOT NULL,
  `user` char(100) DEFAULT NULL,
  PRIMARY KEY (`id`)
) ENGINE=InnoDB DEFAULT CHARSET=latin1;
/*!40101 SET character_set_client = @saved_cs_client */;

--
-- Dumping data for table `orders`
--

LOCK TABLES `orders` WRITE;
/*!40000 ALTER TABLE `orders` DISABLE KEYS */;
/*!40000 ALTER TABLE `orders` ENABLE KEYS */;
UNLOCK TABLES;

--
-- Table structure for table `prices`
--

DROP TABLE IF EXISTS `prices`;
/*!40101 SET @saved_cs_client     = @@character_set_client */;
/*!40101 SET character_set_client = utf8 */;
CREATE TABLE `prices` (
  `itemId` int(11) NOT NULL,
  `startDate` date NOT NULL,
  `value` decimal(20,4) DEFAULT NULL,
  PRIMARY KEY (`itemId`,`startDate`),
  CONSTRAINT `prices_ibfk_1` FOREIGN KEY (`itemId`) REFERENCES `items` (`id`)
) ENGINE=InnoDB DEFAULT CHARSET=latin1;
/*!40101 SET character_set_client = @saved_cs_client */;

--
-- Dumping data for table `prices`
--

LOCK TABLES `prices` WRITE;
/*!40000 ALTER TABLE `prices` DISABLE KEYS */;
INSERT INTO `prices` VALUES (344,'2017-01-01',154.0000),(345,'2017-01-01',61.0000),(346,'2017-01-01',180.0000),(423,'2017-01-01',39.0000),(424,'2017-01-01',158.0000),(425,'2017-01-01',109.0000),(426,'2017-01-01',78.0000),(427,'2017-01-01',81.0000),(428,'2017-01-01',88.0000),(429,'2017-01-01',87.0000),(430,'2017-01-01',177.0000),(431,'2017-01-01',25.0000),(432,'2017-01-01',82.0000),(433,'2017-01-01',33.0000),(434,'2017-01-01',174.0000),(435,'2017-01-01',200.0000),(436,'2017-01-01',109.0000),(437,'2017-01-01',42.0000),(438,'2017-01-01',23.0000),(439,'2017-01-01',7.0000),(440,'2017-01-01',63.0000),(441,'2017-01-01',69.0000),(442,'2017-01-01',171.0000),(443,'2017-01-01',198.0000),(444,'2017-01-01',99.0000),(445,'2017-01-01',175.0000),(446,'2017-01-01',55.0000),(447,'2017-01-01',100.0000),(448,'2017-01-01',16.0000),(449,'2017-01-01',38.0000),(450,'2017-01-01',29.0000),(451,'2017-01-01',45.0000),(452,'2017-01-01',28.0000),(453,'2017-01-01',12.0000),(454,'2017-01-01',151.0000),(455,'2017-01-01',10.0000),(494,'2017-01-01',21.0000),(495,'2017-01-01',64.0000),(496,'2017-01-01',132.0000),(497,'2017-01-01',65.0000),(498,'2017-01-01',71.0000),(499,'2017-01-01',104.0000),(500,'2017-01-01',143.0000),(501,'2017-01-01',28.0000),(502,'2017-01-01',64.0000),(503,'2017-01-01',74.0000),(504,'2017-01-01',46.0000),(505,'2017-01-01',95.0000),(506,'2017-01-01',35.0000),(507,'2017-01-01',76.0000),(508,'2017-01-01',129.0000),(509,'2017-01-01',80.0000),(510,'2017-01-01',51.0000),(511,'2017-01-01',117.0000),(512,'2017-01-01',79.0000),(513,'2017-01-01',55.0000),(514,'2017-01-01',104.0000),(515,'2017-01-01',48.0000),(516,'2017-01-01',133.0000),(517,'2017-01-01',72.0000),(518,'2017-01-01',125.0000),(519,'2017-01-01',121.0000),(520,'2017-01-01',80.0000),(521,'2017-01-01',51.0000),(522,'2017-01-01',147.0000),(523,'2017-01-01',131.0000),(524,'2017-01-01',48.0000),(525,'2017-01-01',103.0000),(526,'2017-01-01',82.0000),(527,'2017-01-01',113.0000),(528,'2017-01-01',34.0000),(529,'2017-01-01',141.0000),(530,'2017-01-01',128.0000),(531,'2017-01-01',75.0000),(532,'2017-01-01',140.0000),(533,'2017-01-01',60.0000),(534,'2017-01-01',41.0000),(535,'2017-01-01',98.0000),(536,'2017-01-01',93.0000),(537,'2017-01-01',134.0000),(538,'2017-01-01',46.0000),(539,'2017-01-01',133.0000),(540,'2017-01-01',120.0000),(541,'2017-01-01',33.0000),(542,'2017-01-01',61.0000),(543,'2017-01-01',105.0000),(544,'2017-01-01',98.0000),(545,'2017-01-01',108.0000),(546,'2017-01-01',147.0000),(547,'2017-01-01',126.0000);
/*!40000 ALTER TABLE `prices` ENABLE KEYS */;
UNLOCK TABLES;

--
-- Table structure for table `properties`
--

DROP TABLE IF EXISTS `properties`;
/*!40101 SET @saved_cs_client     = @@character_set_client */;
/*!40101 SET character_set_client = utf8 */;
CREATE TABLE `properties` (
  `id` int(11) NOT NULL AUTO_INCREMENT,
  `name` char(50) NOT NULL,
  `viewPriority` int(11) NOT NULL,
  `filter` tinyint(1) NOT NULL DEFAULT '0',
  PRIMARY KEY (`id`)
) ENGINE=InnoDB AUTO_INCREMENT=122 DEFAULT CHARSET=latin1;
/*!40101 SET character_set_client = @saved_cs_client */;

--
-- Dumping data for table `properties`
--

LOCK TABLES `properties` WRITE;
/*!40000 ALTER TABLE `properties` DISABLE KEYS */;
INSERT INTO `properties` VALUES (12,'Comfort Temperature',0,1),(13,'Limit Temperature',0,0),(14,'Extreme Temperature',0,0),(15,'Season',0,1),(16,'Shape',0,0),(17,'Shell Fabric',0,0),(18,'Stuff Sack',0,0),(19,'Unpacked Size',0,0),(20,'Weight',0,1),(21,'Zip Side',0,1),(22,'Fill Weight',0,0),(23,'Hood',0,0),(24,'Insulation Type',0,0),(25,'Packed Size',0,0),(26,'Draught Collar',0,0),(27,'Wheel Size',0,1),(28,'Frame',0,0),(29,'Fork',0,0),(30,'No. of Gears',0,0),(31,'Gear Shifters',0,0),(32,'Chainset',0,0),(33,'Brakes - Type',0,0),(34,'Rims',0,0),(35,'Front Hub',0,0),(36,'Rear Hub',0,0),(37,'Gender',0,1),(38,'Weight (g)',0,1),(39,'Volume (L)',0,1),(40,'Rear Hub',0,0),(41,'Access',0,0),(42,'Bedroom Dimensions (cm)',0,0),(43,'Bedrooms',0,0),(44,'Berth',0,0),(45,'Bottom Bracket',0,0),(46,'Brakes - Details',0,0),(47,'Brakes - Levers',0,0),(48,'Cassette',0,0),(49,'Chainrings',0,0),(50,'Dimensions',0,0),(51,'Doors',0,0),(52,'Fabric',0,0),(53,'Fire Retardant',0,0),(54,'Flysheet Fabric',0,0),(55,'Flysheet Hydrostatic Head (mm)',0,0),(56,'Frame Size- cm',0,0),(57,'Front Derailleur',0,0),(58,'Gear Details',0,0),(59,'Gear Loops',0,0),(60,'Groundsheet Fabric',0,0),(61,'Groundsheet Hydrostatic Head (mm)',0,0),(62,'Handlebar',0,0),(63,'Head Set',0,0),(64,'Height (cm)',0,0),(65,'Inner fabric',0,0),(66,'Inner Height (cm)',0,0),(67,'Length (cm)',0,0),(68,'Number of Poles',0,0),(69,'Pack Size (cm)',0,0),(70,'Pedals',0,0),(71,'Pitching Order',0,0),(72,'Pitching Time',0,0),(73,'Pole Composition',0,0),(74,'Pole Style',0,0),(75,'Rear Derailleur',0,0),(76,'Recommended Use',0,0),(77,'Repair Kit Included',0,0),(78,'Saddle',0,0),(79,'Seatpost',0,0),(80,'Stem',0,0),(81,'Tent Features',0,0),(82,'Tyres',0,1),(83,'Vents',0,1),(84,'Weight (kg)',0,1),(85,'Wheelset',0,0),(86,'Width (cm)',0,1),(87,'Windows',0,0),(88,'Material',0,0),(89,'Fastening',0,0),(90,'Rubber Sole Type',0,0),(91,'Weight (g/pair)',0,0),(92,'Lasting',0,0),(93,'Midsole Stiffness',0,0),(94,'Upper',0,0),(95,'Sole Thickness (mm)',0,0),(96,'Upper Material',0,0),(97,'Weight Per Pair (g)',0,0),(98,'Height',0,0),(99,'Insole',0,0),(100,'Midsole',0,0),(101,'Sole Type',0,0),(102,'Toe Protection',0,0),(103,'Stiffness',0,0),(104,'Boot Grade',0,0),(105,'Footwear Features',0,0),(106,'Waterproof',0,0),(107,'Adjustable Straps',0,0),(108,'Climbing',0,0),(109,'Inner',0,0),(110,'Size (Cm)',0,0),(111,'Torch Attachment Point',0,0),(112,'Major Axis Strength (kN)',0,0),(113,'Minor Axis Strength (kN)',0,0),(114,'Open Gate Strength (kN)',0,0),(115,'Lock Type',0,0),(116,'Gate Opening (mm)',0,0),(117,'Gate Opening (Bent-Gate) (mm)',0,0),(118,'Gate Opening (Straight-Gate) (mm)',0,0),(119,'Sling Length',0,0),(120,'Sling Material',0,0),(121,'Sling Width',0,0);
/*!40000 ALTER TABLE `properties` ENABLE KEYS */;
UNLOCK TABLES;
/*!40103 SET TIME_ZONE=@OLD_TIME_ZONE */;

/*!40101 SET SQL_MODE=@OLD_SQL_MODE */;
/*!40014 SET FOREIGN_KEY_CHECKS=@OLD_FOREIGN_KEY_CHECKS */;
/*!40014 SET UNIQUE_CHECKS=@OLD_UNIQUE_CHECKS */;
/*!40101 SET CHARACTER_SET_CLIENT=@OLD_CHARACTER_SET_CLIENT */;
/*!40101 SET CHARACTER_SET_RESULTS=@OLD_CHARACTER_SET_RESULTS */;
/*!40101 SET COLLATION_CONNECTION=@OLD_COLLATION_CONNECTION */;
/*!40111 SET SQL_NOTES=@OLD_SQL_NOTES */;

-- Dump completed on 2017-05-27 13:19:45
